CustomerID,Recency,Frequency,Monetary,Segment
CUST106469,2,15,1011863.5276982598,Champions
CUST101398,280,15,910380.0742035141,Champions
CUST107185,14,15,907980.5353219688,Champions
CUST100887,8,15,903397.2682218151,Champions
CUST104816,761,15,899015.5844995319,Loyal Customers
CUST102658,13,15,877460.2877972876,Champions
CUST103207,211,15,871787.8954602976,Champions
CUST100311,1,15,868857.1765772272,Champions
CUST103745,591,15,852810.4078410966,Loyal Customers
CUST107389,703,15,833297.3002092927,Loyal Customers
CUST107988,173,15,820701.9855347573,Champions
CUST106118,724,15,819004.2796717102,Loyal Customers
CUST104443,27,15,791614.1376378905,Champions
CUST102847,656,15,778924.5437845162,Loyal Customers
CUST106001,448,15,762256.3699325228,Loyal Customers
CUST107467,1,15,748509.1547114347,Champions
CUST106264,587,15,746299.334598329,Loyal Customers
CUST102813,17,10,741075.0560299332,Champions
CUST105072,316,10,735407.0938872265,Champions
CUST105107,597,15,732212.2377319298,Loyal Customers
CUST106293,719,15,728460.2279421997,Loyal Customers
CUST101073,31,10,716875.8164370618,Champions
CUST102134,2,15,715812.4603885497,Champions
CUST105611,333,15,705799.1138705804,Loyal Customers
CUST106189,403,15,695110.3544658059,Loyal Customers
CUST102491,730,10,690324.2457541618,Loyal Customers
CUST104326,355,10,684803.9337046383,Loyal Customers
CUST101451,573,15,676660.9261428901,Loyal Customers
CUST101631,199,15,666379.634415364,Champions
CUST103272,212,10,663017.536056888,Champions
CUST105918,600,10,658153.6420492944,Loyal Customers
CUST107191,230,15,650788.7492398602,Champions
CUST104322,30,8,647026.7321385927,Champions
CUST101675,39,10,638722.1131998342,Champions
CUST104503,14,10,632428.7136604758,Champions
CUST106662,693,10,625193.8764978981,Loyal Customers
CUST107518,731,10,621157.2186385619,Loyal Customers
CUST107283,431,15,616434.8169869811,Loyal Customers
CUST100869,523,10,615592.2979415568,Loyal Customers
CUST104236,498,8,615397.198488511,Loyal Customers
CUST104010,669,10,610660.2368991056,Loyal Customers
CUST101694,73,15,609027.6772575594,Champions
CUST104204,509,10,608110.3141971822,Loyal Customers
CUST102915,3,10,605224.3850773923,Champions
CUST107400,206,10,603411.5636616487,Champions
CUST106018,340,10,601900.291091751,Loyal Customers
CUST105281,378,8,601396.8890559317,Loyal Customers
CUST104190,592,10,597711.9051706874,Loyal Customers
CUST106258,434,10,592077.4519609652,Loyal Customers
CUST104356,5,8,591568.590885673,Champions
CUST106982,1,15,589592.946666196,Champions
CUST106817,168,8,587054.3405578341,Champions
CUST102507,3,8,585788.1918839258,Champions
CUST103722,33,10,584082.7443655531,Champions
CUST104031,754,10,583537.7579049793,Loyal Customers
CUST104582,207,10,580203.7355888695,Champions
CUST103815,8,10,576692.0664348907,Champions
CUST107095,517,10,576242.8335514057,Loyal Customers
CUST100291,738,10,573813.7677745132,Loyal Customers
CUST103070,719,10,573627.237431446,Loyal Customers
CUST101101,614,10,573514.2246028469,Loyal Customers
CUST102133,519,10,571264.8990526468,Loyal Customers
CUST100819,364,10,568037.3089899466,Loyal Customers
CUST106266,79,10,564499.9135426825,Champions
CUST104389,189,8,562902.3265205562,Champions
CUST100757,499,15,562687.7785784736,Loyal Customers
CUST106822,590,8,561069.6015176917,Loyal Customers
CUST107829,500,8,552469.4421461032,Loyal Customers
CUST106306,2,8,551371.1894507003,Champions
CUST107935,548,15,550147.3235758605,Loyal Customers
CUST106636,63,10,549386.4994652224,Champions
CUST105669,127,10,548788.4237049898,Champions
CUST101575,182,10,544495.6686963342,Champions
CUST103633,645,10,543908.9320401767,Loyal Customers
CUST103962,75,10,541520.2339297165,Champions
CUST105434,2,8,541116.9128618811,Champions
CUST100066,434,10,538364.2525451712,Loyal Customers
CUST106983,1,10,537816.9949498847,Champions
CUST101335,20,10,536491.2352231401,Champions
CUST105746,416,8,536251.1710570843,Loyal Customers
CUST104544,6,10,536061.6801518212,Champions
CUST103467,8,8,535723.3089655454,Champions
CUST102652,22,8,535457.4250739627,Champions
CUST101229,71,10,533973.4123225329,Champions
CUST106326,69,10,531881.935121457,Champions
CUST106641,13,8,530788.9018059339,Champions
CUST106928,588,15,529809.9141785142,Loyal Customers
CUST102227,28,10,529776.2281932939,Champions
CUST103805,4,8,524607.7835620183,Champions
CUST100264,459,10,523301.0583129007,Loyal Customers
CUST101940,353,8,519195.8101011477,Loyal Customers
CUST100093,383,10,518741.6612065992,Loyal Customers
CUST102597,739,10,518457.226761113,Loyal Customers
CUST101356,584,8,516812.076236161,Loyal Customers
CUST102702,175,10,514989.7896667055,Champions
CUST105417,477,10,514985.24161626503,Loyal Customers
CUST102751,12,8,513508.0553895842,Champions
CUST106253,180,10,512579.099052844,Champions
CUST101837,6,15,510554.85395947273,Champions
CUST105713,477,10,509983.8928799664,Loyal Customers
CUST101385,653,8,508628.7632282068,Loyal Customers
CUST107992,129,8,508221.5794988133,Champions
CUST100088,805,8,508081.14330205315,Loyal Customers
CUST100585,6,10,508008.46630286437,Champions
CUST100262,44,10,507379.0948883897,Champions
CUST107147,280,8,507330.14164465416,Champions
CUST106374,108,8,506773.05337741354,Champions
CUST101840,22,8,506749.477207721,Champions
CUST100599,610,8,505941.65467665065,Loyal Customers
CUST105834,384,8,505235.89252394624,Loyal Customers
CUST100850,171,10,504936.5045810827,Champions
CUST106810,3,10,504771.4443571082,Champions
CUST105871,784,6,504594.77584782674,Loyal Customers
CUST103440,589,8,504322.47894960106,Loyal Customers
CUST102451,5,8,504172.2924116476,Champions
CUST101807,10,10,504160.5348534029,Champions
CUST104659,422,8,503831.29844397557,Loyal Customers
CUST101744,108,10,503129.24335073144,Champions
CUST107659,109,10,502723.9093106965,Champions
CUST104617,15,10,501588.281459098,Champions
CUST104292,147,8,501257.0350084916,Champions
CUST107104,737,10,500640.77674496354,Loyal Customers
CUST107720,314,8,500522.0485320908,Champions
CUST103498,31,8,499631.95896362094,Champions
CUST104821,663,10,499290.68236995756,Loyal Customers
CUST102522,50,8,497389.8409392497,Champions
CUST105748,46,10,496743.31849881675,Champions
CUST103139,16,10,494606.05891341413,Champions
CUST103985,44,10,494281.2869412977,Champions
CUST100132,161,8,494047.6711708856,Champions
CUST100956,3,6,493669.8314198188,Champions
CUST100895,664,8,491513.9191733169,Loyal Customers
CUST100099,283,8,491393.5463390708,Champions
CUST107036,656,8,487996.8826714229,Loyal Customers
CUST107980,121,10,483293.32637902134,Champions
CUST106816,559,10,482855.85453598946,Loyal Customers
CUST104710,290,8,482494.2892697641,Champions
CUST102982,103,8,482142.20257869345,Champions
CUST105028,512,8,481986.81879533856,Loyal Customers
CUST100189,581,8,481889.31201748014,Loyal Customers
CUST107270,24,8,481128.7363159999,Champions
CUST100943,664,8,476089.4229419738,Loyal Customers
CUST101994,33,8,474178.08510635025,Champions
CUST106041,4,10,472631.5181612257,Champions
CUST102146,2,10,471307.6795135367,Champions
CUST104677,445,10,471277.83195507486,Loyal Customers
CUST106586,297,10,470510.60341133305,Champions
CUST107424,5,15,470352.9510606234,Champions
CUST107843,24,8,470263.30121068005,Champions
CUST103503,103,8,468008.87156485347,Champions
CUST101298,727,8,466387.14294670575,Loyal Customers
CUST102153,54,6,466221.90882754425,Champions
CUST100532,752,8,464331.9652815961,Loyal Customers
CUST100321,220,8,463404.70663099986,Champions
CUST102530,66,8,462248.94422979915,Champions
CUST105475,9,8,461762.08137410966,Champions
CUST104169,329,10,461564.4041989288,Loyal Customers
CUST103231,385,8,460616.03545424534,Loyal Customers
CUST103907,464,8,459099.0484733896,Loyal Customers
CUST103039,11,8,458955.5489791314,Champions
CUST105664,13,8,458054.029342539,Champions
CUST101878,248,8,457381.2369166699,Champions
CUST103190,699,8,457133.8848589298,Loyal Customers
CUST102257,650,6,456768.90209835407,Loyal Customers
CUST106098,702,8,456210.7147997068,Loyal Customers
CUST101898,40,8,455899.10332225263,Champions
CUST104878,12,15,454830.76901937154,Champions
CUST100358,622,8,454212.74902719725,Loyal Customers
CUST106546,516,8,454070.3511593571,Loyal Customers
CUST104301,244,8,453599.32359951147,Champions
CUST105656,9,8,452282.2467809816,Champions
CUST105184,218,6,452277.65107499796,Champions
CUST106494,437,8,452087.6459730546,Loyal Customers
CUST107034,467,8,451579.6195727013,Loyal Customers
CUST103525,219,10,451392.8779854924,Champions
CUST103097,215,8,450976.3851155171,Champions
CUST101672,46,8,450801.2280116901,Champions
CUST105951,559,10,449140.9846817587,Loyal Customers
CUST102492,507,10,446974.51283571986,Loyal Customers
CUST105716,247,8,446454.0346722899,Champions
CUST105554,513,5,444220.7643849147,Loyal Customers
CUST104094,159,15,444196.10574666096,Champions
CUST106750,147,10,444020.46841272217,Champions
CUST106015,127,15,442551.17153511295,Champions
CUST102920,67,8,442156.09632739215,Champions
CUST102399,293,10,441384.839274456,Champions
CUST105155,23,6,437844.61637190613,Champions
CUST106220,488,8,437599.19894354505,Loyal Customers
CUST100024,641,8,436829.2691528622,Loyal Customers
CUST107456,468,8,436399.79261924047,Loyal Customers
CUST102901,87,10,433220.37012142985,Champions
CUST106589,33,8,433147.170553937,Champions
CUST100443,131,8,432323.9995682231,Champions
CUST100980,3,8,432071.6262683504,Champions
CUST104942,1,8,431762.5269796822,Champions
CUST105636,42,15,431470.03856899275,Champions
CUST104806,638,15,430423.4073518639,Loyal Customers
CUST107280,7,8,429708.7919194775,Champions
CUST102911,69,15,429278.6741342002,Champions
CUST103332,20,6,429198.5117122374,Champions
CUST100071,1,8,428803.1994461857,Champions
CUST104631,685,5,428752.21931102965,Loyal Customers
CUST102102,6,8,428659.070603797,Champions
CUST100204,500,6,427035.67348104157,Loyal Customers
CUST104085,731,8,424942.763332295,Loyal Customers
CUST104352,571,6,424327.84973240993,Loyal Customers
CUST103731,432,15,424011.32704775257,Loyal Customers
CUST103400,355,15,423684.2140818325,Loyal Customers
CUST101794,36,8,422423.23524956114,Champions
CUST105436,185,8,422402.4108832777,Champions
CUST107595,281,10,422026.83698397677,Champions
CUST102470,10,8,421779.62514473917,Champions
CUST105442,112,10,421446.94362719316,Champions
CUST107866,273,8,421282.4106930775,Champions
CUST102642,710,10,420937.07280569465,Loyal Customers
CUST107314,50,10,420877.8358110562,Champions
CUST104219,483,8,420037.7323446722,Loyal Customers
CUST104472,12,8,420009.8061652578,Champions
CUST102640,103,10,419739.5775859996,Champions
CUST105249,314,10,419148.85362602613,Champions
CUST104256,769,6,417517.92780222796,Loyal Customers
CUST106443,38,10,416887.2981774385,Champions
CUST105126,174,8,416821.9064923045,Champions
CUST105956,9,15,416738.6967218755,Champions
CUST103098,12,8,416728.35038045095,Champions
CUST106176,702,8,415974.3556697738,Loyal Customers
CUST102415,148,15,415352.6666519384,Champions
CUST101656,120,6,414937.663275034,Champions
CUST106007,2,15,414842.21248850814,Champions
CUST106536,717,8,414571.514506095,Loyal Customers
CUST104743,15,8,414223.5262691698,Champions
CUST103200,694,8,413790.0695239211,Loyal Customers
CUST102005,377,8,413101.13178918295,Loyal Customers
CUST103483,663,6,412870.05615588266,Loyal Customers
CUST100824,7,10,412657.62522982544,Champions
CUST106605,592,10,411723.5886314316,Loyal Customers
CUST105593,1,15,411679.9745223316,Champions
CUST106055,647,8,411439.80493173166,Loyal Customers
CUST103438,392,6,411269.4816065469,Loyal Customers
CUST107568,9,8,409936.5220217484,Champions
CUST101948,167,5,408116.52230872435,Champions
CUST107622,360,6,407732.4577984581,Loyal Customers
CUST107109,10,15,405612.4136793486,Champions
CUST106278,710,8,405289.37329138163,Loyal Customers
CUST103089,1,8,404797.5060436294,Champions
CUST100417,619,5,404033.11614889064,Loyal Customers
CUST102545,38,8,403926.3073909782,Champions
CUST107060,3,6,403254.0701015552,Champions
CUST106939,50,8,403119.3685867151,Champions
CUST103859,654,8,402973.2102178647,Loyal Customers
CUST105895,324,8,402732.7756038773,Loyal Customers
CUST104625,703,15,400136.8047445065,Loyal Customers
CUST100560,480,6,400002.2030659346,Loyal Customers
CUST106985,430,8,399836.80984219926,Loyal Customers
CUST101521,531,5,398601.5696907303,Loyal Customers
CUST107667,3,6,394867.19965762936,Champions
CUST101710,638,8,394226.8587223214,Loyal Customers
CUST106285,28,15,393386.1034878242,Champions
CUST105726,710,8,392986.752922929,Loyal Customers
CUST106640,253,15,392968.383440669,Champions
CUST106567,672,6,390284.0354901727,Loyal Customers
CUST101646,92,6,388967.82036337396,Champions
CUST102125,6,6,388904.9365676376,Champions
CUST102577,375,8,388429.68665991875,Loyal Customers
CUST100323,369,8,387171.6056650471,Loyal Customers
CUST101252,277,15,385874.2758638264,Champions
CUST105873,642,8,385152.660318306,Loyal Customers
CUST102295,168,8,384479.10869249806,Champions
CUST107149,421,8,383698.36837146495,Loyal Customers
CUST105540,413,8,383428.5597306057,Loyal Customers
CUST104309,205,6,382750.0977356562,Champions
CUST102761,302,6,382563.64558003924,Champions
CUST104126,652,8,382098.79234349594,Loyal Customers
CUST102771,504,6,381682.33340151864,Loyal Customers
CUST102042,73,10,380625.4519389869,Champions
CUST101704,9,6,379543.0839415117,Champions
CUST101237,366,8,379366.28741198225,Loyal Customers
CUST105450,13,6,378814.8678241188,Champions
CUST106623,8,15,378806.1835716871,Champions
CUST101976,166,6,377583.4758941297,Champions
CUST101838,77,15,377428.1718617658,Champions
CUST104629,535,6,376724.22987864225,Loyal Customers
CUST101161,5,6,375634.18710665515,Champions
CUST105881,803,8,375286.8132806613,Loyal Customers
CUST102753,269,15,374733.916697141,Champions
CUST107612,545,8,374489.25581201125,Loyal Customers
CUST104216,473,15,374306.546779119,Loyal Customers
CUST107751,146,6,374234.2181872477,Champions
CUST105376,441,6,373643.04861048516,Loyal Customers
CUST103435,17,6,372604.3747749848,Champions
CUST107108,404,6,372408.31827503256,Loyal Customers
CUST100501,598,10,372004.57176388364,Loyal Customers
CUST105363,7,10,371929.12512723164,Champions
CUST103116,348,5,371640.784823696,Loyal Customers
CUST106908,667,5,371048.3446704062,Loyal Customers
CUST103094,402,10,369943.88583366526,Loyal Customers
CUST101167,661,8,369319.1638074642,Loyal Customers
CUST104141,675,6,369107.14838459727,Loyal Customers
CUST105728,9,5,368904.0309855571,Champions
CUST107502,286,6,368170.1693852939,Champions
CUST100957,172,5,367116.31400268787,Champions
CUST101103,97,8,367034.902626555,Champions
CUST101903,454,8,366846.82356927596,Loyal Customers
CUST106448,55,6,366816.6354339265,Champions
CUST103561,169,10,366301.5885917025,Champions
CUST104738,247,8,365493.6137570603,Champions
CUST107934,196,8,365207.3948977693,Champions
CUST101684,694,8,365121.58038605395,Loyal Customers
CUST107224,379,8,364646.5669409353,Loyal Customers
CUST102961,445,10,364429.87033735076,Loyal Customers
CUST104188,636,8,364166.73168386926,Loyal Customers
CUST102397,383,6,363726.6003388822,Loyal Customers
CUST107293,416,6,363626.2081805136,Loyal Customers
CUST104845,54,6,363515.2831864939,Champions
CUST105499,15,5,363488.15242667845,Champions
CUST104830,39,6,363098.1421269822,Champions
CUST105715,12,6,362796.70858595683,Champions
CUST106255,521,8,362138.2360961937,Loyal Customers
CUST101931,484,6,361319.2300719811,Loyal Customers
CUST107470,11,6,361202.2569573273,Champions
CUST103170,341,15,361135.2694947876,Loyal Customers
CUST105245,105,6,361101.2415141029,Champions
CUST105333,806,6,360250.8264924089,Loyal Customers
CUST100255,371,8,358289.9778603352,Loyal Customers
CUST102835,646,6,357844.1609013724,Loyal Customers
CUST102562,729,6,357041.59037029237,Loyal Customers
CUST100955,229,15,356872.074731999,Champions
CUST101558,2,15,356845.3255753279,Champions
CUST106337,502,8,356578.1638308071,Loyal Customers
CUST101523,447,15,356201.2038176391,Loyal Customers
CUST101039,391,6,356175.7900920216,Loyal Customers
CUST103463,521,6,355652.9542821365,Loyal Customers
CUST103888,357,5,355323.0014980602,Loyal Customers
CUST101239,423,6,355002.5321665567,Loyal Customers
CUST100057,529,8,354571.1848679158,Loyal Customers
CUST101773,391,6,354430.9528015652,Loyal Customers
CUST101435,109,6,354310.05186849285,Champions
CUST101433,4,6,353586.2269989037,Champions
CUST107948,446,10,353495.64699816616,Loyal Customers
CUST107783,775,5,353466.7207046434,Loyal Customers
CUST100405,122,5,353402.88008995686,Champions
CUST104351,154,6,352851.33273559716,Champions
CUST104562,269,6,352535.89651722135,Champions
CUST106918,23,8,351920.03476840444,Champions
CUST104632,33,6,351189.4059037271,Champions
CUST107311,356,6,350760.3997594972,Loyal Customers
CUST100249,649,5,350397.84407803783,Loyal Customers
CUST100048,710,5,350177.87752411707,Loyal Customers
CUST100639,7,6,349680.44820136245,Champions
CUST105178,388,5,348822.8475557892,Loyal Customers
CUST100286,52,5,348592.84227590036,Champions
CUST100209,537,6,348160.39711070224,Loyal Customers
CUST101078,452,15,347925.7963377451,Loyal Customers
CUST105546,7,8,347740.12742535415,Champions
CUST100950,18,15,347446.279776186,Champions
CUST106002,351,8,346819.1135616812,Loyal Customers
CUST101816,160,8,346710.92882300366,Champions
CUST105675,102,6,346686.1158093628,Champions
CUST101841,425,6,345771.4263765764,Loyal Customers
CUST100542,123,6,345263.7644685148,Champions
CUST105703,452,6,345129.187282413,Loyal Customers
CUST105332,11,5,345092.6785923133,Champions
CUST106260,891,6,343787.1039860168,Loyal Customers
CUST101952,40,6,342415.7248508608,Champions
CUST103495,361,10,342375.89840588445,Loyal Customers
CUST105176,454,6,342230.396887947,Loyal Customers
CUST107129,116,6,341461.24627571285,Champions
CUST104718,76,5,341455.14673941786,Champions
CUST106924,7,8,341081.61890916334,Champions
CUST106516,11,8,340945.27029534493,Champions
CUST101908,661,6,340770.9144486981,Loyal Customers
CUST100263,744,5,340503.0077590668,Loyal Customers
CUST107653,340,5,339422.72808224295,Loyal Customers
CUST107250,363,8,338840.3069142513,Loyal Customers
CUST106887,152,10,338609.3447140108,Champions
CUST102414,275,6,337979.33170461067,Champions
CUST104972,347,5,337927.4456764613,Loyal Customers
CUST101408,375,6,337647.5013841757,Loyal Customers
CUST106457,71,6,337521.11671197985,Champions
CUST101985,714,6,336362.0468710847,Loyal Customers
CUST102926,76,6,336273.2913143686,Champions
CUST106739,700,6,336209.16566001665,Loyal Customers
CUST106762,394,6,336177.7950917933,Loyal Customers
CUST102682,5,5,336171.9218386824,Champions
CUST105778,8,5,335300.2396806607,Champions
CUST100002,9,8,334596.71752604895,Champions
CUST104399,185,5,333431.66726530605,Champions
CUST101107,4,10,332800.4072515807,Champions
CUST105534,333,5,332644.78229533305,Loyal Customers
CUST102697,21,5,331859.43390104163,Champions
CUST101839,154,6,331227.89973631315,Champions
CUST106862,6,6,330534.24493259913,Champions
CUST106268,350,4,329916.9758218172,Loyal Customers
CUST106654,691,5,329676.5717142798,Loyal Customers
CUST107969,318,6,329193.0264800126,Loyal Customers
CUST105573,76,6,328937.03086550185,Champions
CUST103709,11,15,328886.40597420675,Champions
CUST107346,533,5,328167.2874175793,Loyal Customers
CUST100384,377,5,327675.2809140441,Loyal Customers
CUST107749,2,15,327481.90109811974,Champions
CUST106682,46,5,326528.4640140288,Champions
CUST100606,9,15,325634.7100867276,Champions
CUST100692,225,5,325558.3205102686,Champions
CUST107782,659,6,325107.0300981654,Loyal Customers
CUST102021,455,8,324630.8558974589,Loyal Customers
CUST106370,33,5,324458.5133999813,Champions
CUST102564,707,6,324438.97914857866,Loyal Customers
CUST101233,174,8,323781.8345887846,Champions
CUST102376,92,6,323707.2249546668,Champions
CUST103102,9,6,323082.3713910557,Champions
CUST105718,109,8,322641.2615017221,Champions
CUST105210,52,5,321767.7280499921,Champions
CUST103451,766,5,321300.6267394552,Loyal Customers
CUST103370,278,5,321199.3267976909,Champions
CUST103078,346,5,321027.265326776,Loyal Customers
CUST105762,568,5,320663.0909840951,Loyal Customers
CUST103353,616,5,320570.5809272773,Loyal Customers
CUST100970,1,6,320559.607820755,Champions
CUST104260,105,8,320546.8090845372,Champions
CUST106896,52,10,319227.5798617048,Champions
CUST106463,47,5,318910.8638592029,Champions
CUST101961,8,10,318846.5269606109,Champions
CUST106328,621,10,318818.77962612064,Loyal Customers
CUST102357,314,5,317455.45449089387,Champions
CUST104777,210,5,317212.82804905303,Champions
CUST107817,538,8,317112.53661145427,Loyal Customers
CUST104637,144,5,317093.2008126866,Champions
CUST104087,80,5,316615.7678012861,Champions
CUST106530,118,5,316405.8554767699,Champions
CUST107141,332,5,316393.28304381995,Loyal Customers
CUST105364,587,4,315389.217028397,Loyal Customers
CUST104819,406,5,314948.67208565254,Loyal Customers
CUST107832,428,5,314845.2524969991,Loyal Customers
CUST102433,110,5,314594.66747207765,Champions
CUST102787,659,5,314422.9481600565,Loyal Customers
CUST105038,261,10,314379.8177355905,Champions
CUST100064,503,8,314097.02571403055,Loyal Customers
CUST104066,841,5,314088.7579238173,Loyal Customers
CUST101553,244,6,313610.01021450973,Champions
CUST102589,606,15,313570.29212207405,Loyal Customers
CUST100701,191,5,313307.9765344718,Champions
CUST104604,470,5,312892.5097931231,Loyal Customers
CUST104371,7,5,312872.85255828593,Champions
CUST107512,162,6,312718.9176501152,Champions
CUST100803,15,5,312617.80725862726,Champions
CUST104531,1,15,312296.6517486946,Champions
CUST105969,487,5,312180.89282516035,Loyal Customers
CUST104127,471,10,311880.4982649875,Loyal Customers
CUST107011,351,6,311050.79297606903,Loyal Customers
CUST107520,592,6,311019.27136192156,Loyal Customers
CUST102185,227,5,310938.82321907504,Champions
CUST106948,412,10,310747.9513244745,Loyal Customers
CUST106782,11,6,310559.56525399827,Champions
CUST106964,306,10,310394.78868836863,Champions
CUST100036,6,6,309028.2079758261,Champions
CUST101912,19,6,309017.91771692946,Champions
CUST100309,306,6,308643.8689512549,Champions
CUST106158,32,6,308513.24781501316,Champions
CUST107266,666,6,308427.39494456816,Loyal Customers
CUST107614,1,10,308257.16474712046,Champions
CUST105185,381,6,307367.1920623151,Loyal Customers
CUST103551,253,10,307324.35735405167,Champions
CUST103109,35,6,306895.7324075553,Champions
CUST100783,12,8,306420.6791832159,Champions
CUST102666,181,5,306396.24868778564,Champions
CUST105238,118,5,306320.29400468164,Champions
CUST107350,468,5,305583.9080883211,Loyal Customers
CUST106295,525,5,305435.9664932835,Loyal Customers
CUST102993,352,10,304056.85116798617,Loyal Customers
CUST107048,1,6,303498.7251016195,Champions
CUST105237,189,6,303427.00321562414,Champions
CUST105916,24,6,303404.6755668712,Champions
CUST100027,237,5,303127.4054465918,Champions
CUST101200,30,8,302828.38392665633,Champions
CUST105864,427,5,302739.4424731688,Loyal Customers
CUST105464,22,6,301865.1694003951,Champions
CUST106406,52,4,301719.8358438909,Champions
CUST100079,82,5,301497.4362825455,Champions
CUST104395,303,6,300486.84548210213,Champions
CUST105289,67,5,300199.26473527646,Champions
CUST105671,293,6,300112.994207132,Champions
CUST105110,11,6,299957.52124028804,Champions
CUST107044,106,8,299408.54879648855,Champions
CUST101484,92,6,299145.6528060096,Champions
CUST105305,109,10,299052.3936399835,Champions
CUST102650,762,6,298998.8466295553,Loyal Customers
CUST101389,10,6,298694.0860180133,Champions
CUST107722,13,8,298597.0467452425,Champions
CUST104493,17,10,298328.24487288337,Champions
CUST105431,150,8,298045.7006246152,Champions
CUST102264,10,6,297853.2074120707,Champions
CUST106413,6,5,297735.2143222093,Champions
CUST105519,110,8,297704.20629950275,Champions
CUST105099,400,6,297562.3272604624,Loyal Customers
CUST101390,91,5,297155.1489979375,Champions
CUST100233,300,6,296512.1393096174,Champions
CUST107267,233,5,296355.07215860276,Champions
CUST102183,266,6,295431.9659612256,Champions
CUST103433,261,5,294699.53958748316,Champions
CUST104949,616,5,294571.63906782336,Loyal Customers
CUST104340,746,6,294481.9246979788,Loyal Customers
CUST105737,60,6,294407.8559121457,Champions
CUST102727,703,6,294313.3071864438,Loyal Customers
CUST107924,269,5,294217.11826972064,Champions
CUST103455,319,8,294160.5426206946,Loyal Customers
CUST105427,595,15,293235.6481619824,Loyal Customers
CUST101269,14,8,293217.68410435575,Champions
CUST101531,109,5,293212.64559989265,Champions
CUST102473,522,8,292562.28683871607,Loyal Customers
CUST102311,737,6,292523.2067604828,Loyal Customers
CUST101059,137,5,292199.51082252694,Champions
CUST107261,1,6,292046.8932804853,Champions
CUST106583,384,10,291515.79837527836,Loyal Customers
CUST107655,701,6,290889.8030114039,Loyal Customers
CUST107486,358,5,290785.9424537767,Loyal Customers
CUST102164,570,5,290612.1391223721,Loyal Customers
CUST106405,421,5,290166.9836243367,Loyal Customers
CUST105036,711,6,289341.1549518806,Loyal Customers
CUST101680,6,8,288483.25552057906,Champions
CUST101968,221,10,288433.89573527925,Champions
CUST100318,196,5,288214.7740481538,Champions
CUST101619,210,6,287951.52343472326,Champions
CUST105480,2,10,287891.4873844858,Champions
CUST101519,675,15,287706.0486299379,Loyal Customers
CUST107709,660,5,287669.3462704447,Loyal Customers
CUST102160,734,5,287434.9219239761,Loyal Customers
CUST102572,741,6,287010.34416780237,Loyal Customers
CUST106796,339,6,286988.1956415686,Loyal Customers
CUST105091,232,5,286761.66390541836,Champions
CUST102667,732,6,286735.7846477105,Loyal Customers
CUST106056,13,5,286693.24023876054,Champions
CUST105037,25,8,286658.9111025029,Champions
CUST101467,10,8,286514.6772539555,Champions
CUST105595,36,6,286322.88612691016,Champions
CUST107004,417,5,286130.757613515,Loyal Customers
CUST105509,638,8,285971.52309175226,Loyal Customers
CUST103834,770,6,285325.9067676286,Loyal Customers
CUST100549,459,6,285196.8706293848,Loyal Customers
CUST107148,669,5,284814.8289180298,Loyal Customers
CUST102688,570,5,284809.71287208615,Loyal Customers
CUST104940,457,8,284390.2801193146,Loyal Customers
CUST103581,68,5,284325.09921276884,Champions
CUST106155,5,10,284197.40573696455,Champions
CUST107746,213,4,284102.6295817765,Champions
CUST106121,12,8,284038.8675651018,Champions
CUST107050,10,10,284007.4921358197,Champions
CUST102163,753,10,283508.6461904867,Loyal Customers
CUST100147,543,10,282611.91765521566,Loyal Customers
CUST102972,650,10,282492.5511529401,Loyal Customers
CUST106283,767,8,282293.0010031848,Loyal Customers
CUST101392,243,5,282141.08866236854,Champions
CUST107272,49,5,281721.6951856583,Champions
CUST105628,534,4,281667.0254849886,Loyal Customers
CUST102503,230,6,281468.87447044475,Champions
CUST103948,35,10,281399.5799922632,Champions
CUST106224,446,5,281363.2646983979,Loyal Customers
CUST105557,355,5,281339.5544576564,Loyal Customers
CUST101160,5,5,281137.1095021244,Champions
CUST103050,586,5,280514.94401596463,Loyal Customers
CUST106010,565,5,280441.80117009,Loyal Customers
CUST106076,508,5,280025.42043959076,Loyal Customers
CUST101683,406,6,279112.8216863212,Loyal Customers
CUST107938,774,4,278608.964486081,Loyal Customers
CUST103198,26,6,278544.5176137512,Champions
CUST103443,167,5,278541.51636739785,Champions
CUST100142,31,5,277945.3298895869,Champions
CUST105665,84,4,277608.7464413951,Champions
CUST103021,212,10,277446.4759268523,Champions
CUST104571,476,5,277170.2788857879,Loyal Customers
CUST103374,689,5,277058.6899199128,Loyal Customers
CUST102594,58,6,276183.9164625825,Champions
CUST102493,600,10,275994.45237852563,Loyal Customers
CUST107621,50,10,275839.7166933989,Champions
CUST107698,2,8,275771.34962401225,Champions
CUST102240,20,6,275594.1091920496,Champions
CUST103132,618,5,275559.095604412,Loyal Customers
CUST100260,201,5,274947.0417449664,Champions
CUST103240,575,5,274793.18210520735,Loyal Customers
CUST107631,369,10,274433.65185188566,Loyal Customers
CUST100102,591,5,274329.0670280389,Loyal Customers
CUST106270,349,4,274130.93079203926,Loyal Customers
CUST106130,4,6,273903.57525200874,Champions
CUST103228,32,5,273855.12701161334,Champions
CUST103473,661,10,273844.71588809055,Loyal Customers
CUST102169,465,5,273818.27946318564,Loyal Customers
CUST102629,505,8,273642.437573746,Loyal Customers
CUST101658,37,6,273430.13953504944,Champions
CUST103179,582,5,272854.35655539145,Loyal Customers
CUST104837,377,6,272785.2961227501,Loyal Customers
CUST100906,137,5,272665.3385918115,Champions
CUST101429,88,5,272423.7986333357,Champions
CUST104862,734,5,272196.77862009115,Loyal Customers
CUST106690,28,5,272150.11318451783,Champions
CUST105211,610,6,271927.8322200178,Loyal Customers
CUST104667,38,5,271772.750022743,Champions
CUST107569,2,10,271744.52050261095,Champions
CUST102297,60,8,271703.0089717813,Champions
CUST105199,150,6,271548.38690658205,Champions
CUST106250,457,10,271455.444772655,Loyal Customers
CUST107420,246,6,271079.95146428084,Champions
CUST106943,425,10,271036.2113032849,Loyal Customers
CUST105808,454,5,270872.2054036442,Loyal Customers
CUST100376,97,5,270234.1623542429,Champions
CUST107247,5,4,269990.1831228933,Champions
CUST106198,138,4,269913.3699754623,Champions
CUST101628,751,10,269710.5561827944,Loyal Customers
CUST102615,243,5,269664.56661931885,Champions
CUST103283,711,8,269633.4866258013,Loyal Customers
CUST105911,383,5,269547.14573571505,Loyal Customers
CUST102086,596,5,269307.3439717003,Loyal Customers
CUST103687,222,10,269257.3862368168,Champions
CUST104367,10,10,269110.8835494718,Champions
CUST104735,708,6,268917.7677684891,Loyal Customers
CUST104019,2,10,268910.7250034088,Champions
CUST103659,255,5,268682.0433068589,Champions
CUST103399,502,10,268447.47477564804,Loyal Customers
CUST104720,41,8,268419.03526015114,Champions
CUST100544,213,5,268115.26871100045,Champions
CUST103908,27,6,267285.9353452698,Champions
CUST101168,258,10,267002.8374704632,Champions
CUST102131,292,8,266806.6487704561,Champions
CUST104063,225,6,266677.6120901983,Champions
CUST102330,206,6,266671.4979834608,Champions
CUST100572,563,5,266633.9622751088,Loyal Customers
CUST102247,646,5,266018.98869712435,Loyal Customers
CUST101029,483,6,265853.6369473947,Loyal Customers
CUST106395,18,5,265684.40227634256,Champions
CUST103242,659,10,265684.0896592469,Loyal Customers
CUST102838,416,8,265626.7916104007,Loyal Customers
CUST106737,750,5,264954.340213677,Loyal Customers
CUST105279,564,5,264609.0954491004,Loyal Customers
CUST105697,507,10,264521.71701702813,Loyal Customers
CUST103484,31,6,264257.1514790827,Champions
CUST104001,495,10,264187.23339639977,Loyal Customers
CUST100335,124,10,264077.26992513344,Champions
CUST106106,21,4,263809.28099820676,Champions
CUST106359,512,8,263563.41213531024,Loyal Customers
CUST106140,476,5,263294.8091675737,Loyal Customers
CUST101674,53,5,262969.0801012567,Champions
CUST102361,226,8,262841.7606658577,Champions
CUST101857,173,8,262563.91348777874,Champions
CUST102783,416,5,262310.5667346966,Loyal Customers
CUST107081,305,4,262041.45613599004,Champions
CUST102261,4,8,261948.03181245044,Champions
CUST105473,3,4,261900.54708169962,Champions
CUST102924,150,6,261525.09857411913,Champions
CUST106970,364,4,261438.52503792272,Loyal Customers
CUST107511,450,6,261356.51163255374,Loyal Customers
CUST105390,12,5,260913.03078613657,Champions
CUST107027,410,4,259973.56881425547,Loyal Customers
CUST100656,448,6,259873.57819607557,Loyal Customers
CUST105451,143,15,259790.1137397012,Champions
CUST103824,571,10,259729.30121496084,Loyal Customers
CUST101606,8,6,259715.2636204814,Champions
CUST104072,2,5,259672.8114553342,Champions
CUST105085,609,10,259595.21370725133,Loyal Customers
CUST103935,324,5,259589.58138323086,Loyal Customers
CUST100847,247,6,259282.98629065327,Champions
CUST100854,614,10,259133.87574201066,Loyal Customers
CUST106699,99,10,259126.20819348856,Champions
CUST104086,489,6,259025.51805191586,Loyal Customers
CUST102165,127,6,259023.82606081196,Champions
CUST107473,678,8,258675.932604585,Loyal Customers
CUST104703,2,10,258505.1453341415,Champions
CUST106070,245,5,258225.62055934448,Champions
CUST104386,5,5,257658.3274171794,Champions
CUST101363,749,10,257637.4763124581,Loyal Customers
CUST104954,78,8,256878.94643612485,Champions
CUST103590,626,8,256723.33490967817,Loyal Customers
CUST100050,421,6,256471.0980013929,Loyal Customers
CUST107695,745,4,256449.2632074736,Loyal Customers
CUST106174,213,10,256163.4435182492,Champions
CUST102269,325,5,255948.10593243153,Loyal Customers
CUST105710,159,5,255939.8331372938,Champions
CUST103686,31,5,255691.88007797825,Champions
CUST101466,796,10,255677.76071246612,Loyal Customers
CUST104434,622,5,255677.5754445187,Loyal Customers
CUST102979,435,6,255364.33515155804,Loyal Customers
CUST104670,44,5,254980.79001800023,Champions
CUST107654,67,5,254475.98244099613,Champions
CUST103882,18,5,254463.2947333651,Champions
CUST106445,44,8,254376.7338907355,Champions
CUST102903,408,6,254201.50987559246,Loyal Customers
CUST105144,129,5,254100.58421874986,Champions
CUST104844,652,10,253718.03923217196,Loyal Customers
CUST105647,156,10,253115.8806897889,Champions
CUST102456,658,10,252905.38228853839,Loyal Customers
CUST100205,719,6,252768.2686518389,Loyal Customers
CUST102872,284,8,252591.72304311654,Champions
CUST107495,3,8,251911.88294945523,Champions
CUST107165,717,10,251234.92001127664,Loyal Customers
CUST100744,52,8,250324.88415955467,Champions
CUST105528,414,8,250236.55798888236,Loyal Customers
CUST106901,522,5,250222.84808872797,Loyal Customers
CUST100061,440,8,250213.31448888752,Loyal Customers
CUST105146,570,8,250035.5263327311,Loyal Customers
CUST105605,375,5,250032.79401568553,Loyal Customers
CUST107815,255,8,249984.909423172,Champions
CUST105878,13,5,249947.13031964487,Champions
CUST100026,658,5,249386.02945125249,Loyal Customers
CUST102549,52,8,249237.44434405444,Champions
CUST103738,648,6,249205.54270871263,Loyal Customers
CUST100485,99,8,249139.80586741696,Champions
CUST102894,612,6,248786.95767025405,Loyal Customers
CUST105439,10,6,248756.27165670507,Champions
CUST104794,773,8,248728.43316643723,Loyal Customers
CUST105336,653,6,248700.5603535109,Loyal Customers
CUST102618,8,8,248537.7828417788,Champions
CUST106927,420,6,248381.714665319,Loyal Customers
CUST105166,537,8,248342.42876715268,Loyal Customers
CUST106102,409,4,248296.6429945968,Loyal Customers
CUST104506,308,5,248070.22385440033,Champions
CUST100613,363,5,247965.00803537917,Loyal Customers
CUST103654,51,8,247956.96110742757,Champions
CUST100350,226,8,247955.85369755945,Champions
CUST100545,1,8,247779.10859138155,Champions
CUST105228,621,5,247495.782641779,Loyal Customers
CUST103895,684,8,247440.53014361532,Loyal Customers
CUST104649,96,6,246860.41464088537,Champions
CUST101343,439,10,246831.32395464752,Loyal Customers
CUST105832,42,5,246644.07196490635,Champions
CUST106223,168,10,246592.03102044578,Champions
CUST106179,414,4,246431.71149563405,Loyal Customers
CUST106496,54,6,245730.21539042555,Champions
CUST101714,3,8,245692.45831014845,Champions
CUST106873,150,4,245683.8855887663,Champions
CUST107253,129,4,245416.17215536797,Champions
CUST105577,20,5,245093.29116065276,Champions
CUST106984,31,6,244809.33596678794,Champions
CUST103973,627,5,244407.55109837698,Loyal Customers
CUST101226,742,8,244254.74562758178,Loyal Customers
CUST106600,676,8,243990.35189689064,Loyal Customers
CUST104572,4,8,243929.19634872826,Champions
CUST100569,496,10,243632.3384747093,Loyal Customers
CUST107994,711,10,243585.6321213309,Loyal Customers
CUST101056,414,10,243376.25072470112,Loyal Customers
CUST100982,274,5,243238.48990078171,Champions
CUST102725,551,6,243173.2883848147,Loyal Customers
CUST101905,464,8,242785.870327465,Loyal Customers
CUST100859,4,8,242344.60647278008,Champions
CUST107310,143,4,242333.12489037745,Champions
CUST106193,591,5,241886.8149265729,Loyal Customers
CUST107156,321,8,241401.3954841145,Loyal Customers
CUST102584,573,8,241121.3436665885,Loyal Customers
CUST106609,221,5,240969.26679888894,Champions
CUST103977,690,8,240946.14438185777,Loyal Customers
CUST102681,740,5,240557.81483459787,Loyal Customers
CUST104871,609,8,240469.51137882893,Loyal Customers
CUST102604,574,5,240279.87748895577,Loyal Customers
CUST106226,209,8,240226.1748144433,Champions
CUST100555,100,6,240052.679102139,Champions
CUST102758,353,5,239592.29887294097,Loyal Customers
CUST107933,756,4,239487.2879963654,Loyal Customers
CUST105955,666,10,239457.34764169605,Loyal Customers
CUST106243,207,6,239358.24631923198,Champions
CUST106775,200,8,239352.35203412836,Champions
CUST103091,754,8,239235.71484052078,Loyal Customers
CUST105572,517,4,238847.09663053037,Loyal Customers
CUST101578,49,8,238778.36092493683,Champions
CUST105113,5,8,238449.9916506026,Champions
CUST106788,54,6,238443.44433021298,Champions
CUST105981,599,8,238425.87648065572,Loyal Customers
CUST100615,227,5,238242.18099937605,Champions
CUST106127,115,6,238165.7591215315,Champions
CUST101220,758,5,238004.16813543875,Loyal Customers
CUST106358,489,8,237842.80642855776,Loyal Customers
CUST105999,20,5,237535.4033279351,Champions
CUST104261,477,10,237492.70935483344,Loyal Customers
CUST104987,257,8,237411.76099268015,Champions
CUST105423,53,6,237364.91164580057,Champions
CUST102370,45,8,236561.30098925225,Champions
CUST101760,124,8,236309.98750957416,Champions
CUST106718,716,4,236293.56888257613,Loyal Customers
CUST101249,7,6,236170.21954271468,Champions
CUST100626,10,5,235972.704297001,Champions
CUST105522,24,6,235864.61370402738,Champions
CUST107644,22,4,234290.63798842244,Champions
CUST106938,589,8,234225.35412168017,Loyal Customers
CUST101801,93,10,234014.63193446753,Champions
CUST100396,571,8,233956.57466766046,Loyal Customers
CUST102857,301,8,233652.66618588462,Champions
CUST107960,41,4,233089.68058018148,Champions
CUST105844,328,8,233029.62047461758,Loyal Customers
CUST101372,3,8,232843.64611034121,Champions
CUST105680,391,4,232638.33079469894,Loyal Customers
CUST105659,23,5,232585.74203900853,Champions
CUST104097,71,8,232335.39134730806,Champions
CUST106520,2,8,232312.02944321051,Champions
CUST107847,77,4,232295.5901537714,Champions
CUST100482,43,5,232221.3324598432,Champions
CUST101567,197,8,231970.3165336247,Champions
CUST100698,386,8,230485.01440335056,Loyal Customers
CUST100979,382,5,230439.50461377337,Loyal Customers
CUST102957,254,8,230209.74055824848,Champions
CUST103480,662,10,229972.9877091961,Loyal Customers
CUST106170,3,10,229908.5751168609,Champions
CUST102231,14,6,229378.93627909664,Champions
CUST104627,615,8,229307.275186541,Loyal Customers
CUST101374,629,8,228342.56847099215,Loyal Customers
CUST102536,109,8,228189.9622575617,Champions
CUST104387,784,6,227838.9955923614,Loyal Customers
CUST103225,674,5,227565.75162536377,Loyal Customers
CUST106561,47,5,227281.4739475103,Champions
CUST107309,15,10,227166.00380197552,Champions
CUST102602,4,5,226801.95187778003,Champions
CUST106602,85,8,226595.16340702944,Champions
CUST102803,212,5,226414.1426216847,Champions
CUST104074,227,6,226368.20315850596,Champions
CUST105678,29,8,225952.28418064507,Champions
CUST103928,38,5,225767.24195319583,Champions
CUST100334,775,5,225703.28482992842,Loyal Customers
CUST105308,380,5,225626.79173641035,Loyal Customers
CUST103419,5,10,225567.61339147852,Champions
CUST101487,618,8,225232.77283509742,Loyal Customers
CUST101077,658,6,225128.26870622687,Loyal Customers
CUST107624,2,10,225054.97063822852,Champions
CUST105428,696,6,224801.62804476585,Loyal Customers
CUST100160,35,8,224453.03459715052,Champions
CUST106099,396,5,224347.92908933616,Loyal Customers
CUST105838,220,8,223948.22039694904,Champions
CUST103163,527,6,223673.58567022913,Loyal Customers
CUST102336,14,8,223575.17688529904,Champions
CUST105905,721,4,223563.81304961588,Loyal Customers
CUST100067,32,8,223538.95252668767,Champions
CUST104401,3,5,222681.0934594067,Champions
CUST101544,294,6,222022.7681246194,Champions
CUST103199,618,8,221488.5502116197,Loyal Customers
CUST106799,567,4,220681.13392107998,Loyal Customers
CUST106629,14,4,220605.54037896905,Champions
CUST100265,257,8,220557.77169823632,Champions
CUST101686,21,10,220541.3995891019,Champions
CUST106794,12,10,220350.8168746604,Champions
CUST102410,629,10,220188.430111619,Loyal Customers
CUST107865,80,4,220095.43944846044,Champions
CUST101032,66,10,220054.78358860273,Champions
CUST101008,698,6,219707.8857302608,Loyal Customers
CUST100839,386,6,219530.9717734796,Loyal Customers
CUST104597,695,8,219409.8585774395,Loyal Customers
CUST101970,13,6,218938.43016212113,Champions
CUST104772,8,6,218656.96295900253,Champions
CUST105734,485,8,218399.39932075224,Loyal Customers
CUST103391,229,8,218361.31349112449,Champions
CUST103051,364,10,218324.1080403927,Loyal Customers
CUST102663,348,8,217760.94851931804,Loyal Customers
CUST106378,143,5,217679.9279689375,Champions
CUST101731,533,6,217655.58674511345,Loyal Customers
CUST107171,661,4,216942.73958747394,Loyal Customers
CUST100676,374,8,216867.2040233604,Loyal Customers
CUST104655,19,5,216748.49931149144,Champions
CUST103961,683,6,216702.98716995105,Loyal Customers
CUST105850,11,4,216653.39429709635,Champions
CUST101957,6,5,216471.42070602515,Champions
CUST102188,633,6,216124.97565323673,Loyal Customers
CUST103071,582,5,216099.03714591602,Loyal Customers
CUST100592,27,8,216085.99544806237,Champions
CUST105600,4,8,215899.06758391004,Champions
CUST105177,91,5,215772.12546595075,Champions
CUST105533,9,8,215592.44246374627,Champions
CUST100946,272,8,215517.96815560758,Champions
CUST100741,251,8,215456.64545181286,Champions
CUST106935,132,8,215365.2754806444,Champions
CUST107227,481,8,215242.71112035715,Loyal Customers
CUST102989,468,6,215025.1233178436,Loyal Customers
CUST101409,8,8,215019.55241363792,Champions
CUST106084,282,8,214080.56119036116,Champions
CUST101509,246,6,213747.45184658837,Champions
CUST101990,6,8,213555.5466211936,Champions
CUST104889,357,8,213532.77647221118,Loyal Customers
CUST100232,341,6,213526.37342819414,Loyal Customers
CUST106945,317,6,213340.20772532793,Loyal Customers
CUST102946,20,6,213313.4211659341,Champions
CUST107928,25,4,212994.8193707612,Champions
CUST100511,576,8,212894.4913228896,Loyal Customers
CUST107397,395,10,212860.7128783792,Loyal Customers
CUST106593,20,5,212800.38067879464,Champions
CUST103461,122,5,212764.46055306937,Champions
CUST106401,392,4,212701.88075398782,Loyal Customers
CUST107972,11,5,211886.86128965067,Champions
CUST103946,537,6,211463.27994489053,Loyal Customers
CUST103960,701,10,211447.27171022102,Loyal Customers
CUST107981,624,4,211223.86575474273,Loyal Customers
CUST106040,229,5,210982.4176400199,Champions
CUST104218,47,6,210732.40879215504,Champions
CUST103446,40,8,210602.71381224156,Champions
CUST100372,473,6,210478.95346749085,Loyal Customers
CUST101800,127,6,210421.23926634408,Champions
CUST101305,2,5,210277.29541199032,Champions
CUST103260,471,8,210019.5995012148,Loyal Customers
CUST107862,161,5,209822.78492033939,Champions
CUST104623,43,5,209704.73984788478,Champions
CUST102841,321,8,209162.93895574115,Loyal Customers
CUST103577,150,6,208862.1976438863,Champions
CUST101715,90,8,208798.62420388267,Champions
CUST102805,244,5,208708.67011482164,Champions
CUST104043,247,5,208191.12555510286,Champions
CUST104774,19,10,208097.80732451065,Champions
CUST107049,381,6,207969.5528213412,Loyal Customers
CUST103521,600,8,207794.17906516814,Loyal Customers
CUST104716,607,8,207581.23067192896,Loyal Customers
CUST102756,577,8,207028.91765652673,Loyal Customers
CUST106731,15,4,206922.2091118016,Champions
CUST105474,24,8,206899.84833280917,Champions
CUST102762,3,8,206646.79143240536,Champions
CUST100589,16,8,206323.9316077553,Champions
CUST103402,521,8,206278.3101378883,Loyal Customers
CUST105029,8,6,206255.5661769339,Champions
CUST102079,581,8,206074.88286044679,Loyal Customers
CUST105437,541,10,205942.86291898263,Loyal Customers
CUST105227,6,4,205341.5052012135,Champions
CUST104962,641,5,205022.24698186264,Loyal Customers
CUST102554,296,8,204937.19711352672,Champions
CUST106281,138,6,204715.98335872218,Champions
CUST102396,6,5,204485.9353349331,Champions
CUST103919,161,8,204204.48403546173,Champions
CUST104206,5,5,204022.41433317636,Champions
CUST103105,743,5,203659.2188823867,Loyal Customers
CUST105982,102,6,203640.4096695251,Champions
CUST104002,5,8,203591.23975513506,Champions
CUST100014,192,5,203534.3437239252,Champions
CUST103178,35,8,203385.51377204878,Champions
CUST100308,111,5,203363.4738953188,Champions
CUST106738,17,6,203276.7630566116,Champions
CUST102441,127,8,202667.06217824153,Champions
CUST101002,324,6,202578.21091171226,Loyal Customers
CUST105767,857,4,202490.81028441637,Loyal Customers
CUST107955,207,6,202449.35356804437,Champions
CUST104189,77,5,202307.13777332366,Champions
CUST107628,231,10,201827.41820403707,Champions
CUST106299,336,4,201747.60755779716,Loyal Customers
CUST105510,19,5,201722.17188873613,Champions
CUST103049,25,5,201349.87169083284,Champions
CUST100126,13,5,200733.3475805419,Champions
CUST106409,378,5,200618.53425896165,Loyal Customers
CUST100915,186,6,200425.02401914066,Champions
CUST103514,525,6,200215.28389507887,Loyal Customers
CUST106013,480,6,200186.39949278272,Loyal Customers
CUST102095,396,8,200008.5047016653,Loyal Customers
CUST100984,665,5,199909.989045617,Loyal Customers
CUST100655,1,10,199465.54489575527,Champions
CUST106619,432,10,199366.89479005523,Loyal Customers
CUST102006,245,8,199339.26355495205,Champions
CUST100418,642,5,199229.47750610925,Loyal Customers
CUST101401,307,6,198749.63539649287,Champions
CUST100503,183,8,198042.54609053367,Champions
CUST107059,284,8,198015.4835196281,Champions
CUST104435,775,5,197621.28719969027,Loyal Customers
CUST105312,756,6,197478.94803000573,Loyal Customers
CUST103494,498,6,197141.36032564635,Loyal Customers
CUST103542,359,6,196947.93807304293,Loyal Customers
CUST105942,14,8,196703.9550365699,Champions
CUST107051,464,10,196613.29424479246,Loyal Customers
CUST107745,78,4,196568.77201387036,Champions
CUST104079,42,8,196321.68199975108,Champions
CUST107388,611,15,196249.8437160258,Loyal Customers
CUST106752,379,6,195859.41775936054,Loyal Customers
CUST105253,596,8,195721.19773948198,Loyal Customers
CUST100111,709,5,195147.27446253912,Loyal Customers
CUST104016,243,5,195114.59372385588,Champions
CUST107684,749,8,194939.79316073257,Loyal Customers
CUST107639,454,4,194808.37073520923,Loyal Customers
CUST100082,10,8,194717.7314918515,Champions
CUST107494,46,10,194702.21191950084,Champions
CUST102569,488,6,194666.69415626198,Loyal Customers
CUST101030,644,6,194133.7243749204,Loyal Customers
CUST104994,47,6,193260.26028614122,Champions
CUST107135,128,5,193198.5428232695,Champions
CUST107825,570,4,193017.7344514302,Loyal Customers
CUST106478,23,15,192828.02284436408,Champions
CUST100054,76,6,192438.28113092072,Champions
CUST100495,234,8,192034.6373747428,Champions
CUST102889,10,8,191932.57595053158,Champions
CUST106885,59,5,191873.33537640737,Champions
CUST105883,218,5,191801.61800588327,Champions
CUST105051,21,10,191318.87633136177,Champions
CUST107359,13,6,190929.51370177243,Champions
CUST100761,23,5,190795.60304457988,Champions
CUST104854,31,8,190570.4442124494,Champions
CUST101263,564,8,190557.6893484717,Loyal Customers
CUST102468,542,5,190413.26131546844,Loyal Customers
CUST104875,558,6,190041.10676879672,Loyal Customers
CUST103540,96,5,189993.32832392032,Champions
CUST105790,399,5,189623.2590980376,Loyal Customers
CUST101596,42,6,189333.8686562262,Champions
CUST107604,684,6,189256.91984384565,Loyal Customers
CUST107902,715,5,189223.59927986492,Loyal Customers
CUST107870,9,15,188820.4637297625,Champions
CUST105691,359,6,188602.7777270208,Loyal Customers
CUST102439,32,10,188342.26929290648,Champions
CUST107509,491,5,188339.99078214908,Loyal Customers
CUST102757,133,5,188128.99942013164,Champions
CUST104778,326,6,187955.50838482106,Loyal Customers
CUST107302,826,5,187760.54086459975,Loyal Customers
CUST107209,730,4,187535.16856174407,Loyal Customers
CUST105461,428,6,187309.9526079164,Loyal Customers
CUST103712,461,8,187186.20024135642,Loyal Customers
CUST100862,25,10,187179.37691360485,Champions
CUST104967,2,5,187120.17789088993,Champions
CUST104903,96,8,187105.22514232108,Champions
CUST106930,361,4,187018.37911546777,Loyal Customers
CUST106765,83,8,187018.05798818314,Champions
CUST100237,318,8,186926.86570830172,Loyal Customers
CUST102684,530,6,186834.12456154055,Loyal Customers
CUST100055,723,8,186566.522405625,Loyal Customers
CUST101183,476,8,186555.61463658328,Loyal Customers
CUST107721,178,6,186435.32444796304,Champions
CUST101425,19,10,186401.1717793697,Champions
CUST100056,118,5,186247.79115115752,Champions
CUST102778,1,5,186084.83256480278,Champions
CUST106661,389,5,185779.54528732924,Loyal Customers
CUST100530,435,6,185750.59577555672,Loyal Customers
CUST106980,290,10,185615.95916762826,Champions
CUST105535,20,4,185160.39392391432,Champions
CUST101179,6,5,185132.66146900418,Champions
CUST102664,2,6,184970.8153079597,Champions
CUST102789,5,10,184917.0980296457,Champions
CUST105164,228,8,184905.2991402738,Champions
CUST100643,215,6,184743.93190973642,Champions
CUST100272,358,15,184318.4882147611,Loyal Customers
CUST102829,370,5,184227.61602117156,Loyal Customers
CUST103713,440,6,184160.02961914265,Loyal Customers
CUST105040,87,5,184010.70466904558,Champions
CUST102147,72,5,183958.38670190232,Champions
CUST107021,136,10,183738.4703547698,Champions
CUST104062,41,10,183713.94336815257,Champions
CUST107260,122,4,183683.53371834903,Champions
CUST106477,592,6,183493.26954446273,Loyal Customers
CUST102388,751,6,183430.36113674048,Loyal Customers
CUST104082,596,8,183353.13635647396,Loyal Customers
CUST101215,270,8,183322.62822556903,Champions
CUST101810,56,8,183306.7459782671,Champions
CUST103748,22,10,182688.79629415364,Champions
CUST102103,56,6,182528.97058996794,Champions
CUST103666,1,8,182497.9585275494,Champions
CUST106837,609,4,182312.62226938893,Loyal Customers
CUST101705,504,8,182229.5406529181,Loyal Customers
CUST100175,18,10,182167.2602516843,Champions
CUST107652,110,4,182153.83997005862,Champions
CUST100207,544,8,182091.24854425978,Loyal Customers
CUST100306,395,5,181896.83416892597,Loyal Customers
CUST106309,778,8,181343.85542129903,Loyal Customers
CUST104145,648,5,181030.6746032171,Loyal Customers
CUST104294,3,8,180345.6560520947,Champions
CUST107718,469,15,180311.80563888233,Loyal Customers
CUST100703,298,5,180235.50346622049,Champions
CUST104459,21,6,180212.13649324546,Champions
CUST107830,172,5,179992.3890618804,Champions
CUST105329,585,4,179679.21165589112,Loyal Customers
CUST106400,48,5,179330.15414017806,Champions
CUST106705,21,4,179231.18126291517,Champions
CUST102423,8,6,179180.2125412097,Champions
CUST104042,399,6,179141.4148538857,Loyal Customers
CUST106005,683,6,178807.97525387426,Loyal Customers
CUST106774,712,6,178770.42518036708,Loyal Customers
CUST101568,460,10,178608.8150492836,Loyal Customers
CUST106588,31,8,178598.32044236743,Champions
CUST106698,393,8,178571.89334253568,Loyal Customers
CUST107950,16,8,178571.05815735704,Champions
CUST100398,5,5,178390.785110737,Champions
CUST103236,518,6,178328.8706453252,Loyal Customers
CUST101847,477,8,178249.33288388027,Loyal Customers
CUST100084,34,8,178203.66389722892,Champions
CUST101501,708,5,178174.0033882219,Loyal Customers
CUST100001,856,6,178131.4158512702,Loyal Customers
CUST107089,13,5,178018.23922927023,Champions
CUST102657,14,8,178001.97144377232,Champions
CUST106483,239,4,177960.94784261132,Champions
CUST102798,288,8,177768.8713637925,Champions
CUST104956,12,6,177767.3912140812,Champions
CUST102009,393,5,177600.73711315403,Loyal Customers
CUST106965,102,15,177556.57865132697,Champions
CUST104338,593,6,177470.25736882645,Loyal Customers
CUST107925,287,6,177102.14270979425,Champions
CUST102951,337,5,177052.0895250917,Loyal Customers
CUST107797,39,4,176884.48220448854,Champions
CUST100331,687,6,176721.53408814024,Loyal Customers
CUST104687,201,5,176531.5356658196,Champions
CUST103357,711,5,176269.99851990078,Loyal Customers
CUST106548,396,6,176145.15338874658,Loyal Customers
CUST103679,543,8,176136.87279278648,Loyal Customers
CUST106315,13,4,176008.0641682076,Champions
CUST104664,264,6,175772.4337706722,Champions
CUST105961,204,5,175527.01409179886,Champions
CUST101812,26,8,175277.52566048072,Champions
CUST102510,312,6,175185.1707805548,Champions
CUST100601,584,6,175065.89582562685,Loyal Customers
CUST104055,633,5,174899.28953310332,Loyal Customers
CUST102500,3,8,174847.31637094604,Champions
CUST103616,342,6,174513.35282390515,Loyal Customers
CUST101582,353,15,174450.99160138934,Loyal Customers
CUST101209,632,5,174206.88090212582,Loyal Customers
CUST107347,462,15,173832.9563471112,Loyal Customers
CUST101859,623,6,173432.25929442828,Loyal Customers
CUST103804,3,15,173290.94547588486,Champions
CUST105017,3,6,172792.0805901072,Champions
CUST100697,11,6,172495.9688170985,Champions
CUST100301,685,5,172385.66381884937,Loyal Customers
CUST107549,47,6,172299.5970606051,Champions
CUST106451,469,4,172236.61551348728,Loyal Customers
CUST100875,60,8,172201.55930803574,Champions
CUST100479,433,8,172107.59880724837,Loyal Customers
CUST101136,502,5,172083.74703906075,Loyal Customers
CUST102810,230,5,171846.49777746218,Champions
CUST100471,729,8,171841.38596220527,Loyal Customers
CUST107398,463,5,171521.09954189774,Loyal Customers
CUST105653,179,6,171511.52136107028,Champions
CUST102501,609,5,171475.01670494326,Loyal Customers
CUST106504,125,8,171396.4237463723,Champions
CUST104471,313,6,170685.5604673256,Champions
CUST104514,50,8,170435.82290119547,Champions
CUST104017,346,6,170393.2416812617,Loyal Customers
CUST103933,14,6,169846.82841310668,Champions
CUST101351,124,6,169760.93899619338,Champions
CUST101524,414,5,169759.1366077439,Loyal Customers
CUST107132,646,6,169528.49281295927,Loyal Customers
CUST106021,302,5,169387.46687460528,Champions
CUST106587,794,6,169287.09625253177,Loyal Customers
CUST107241,190,5,169278.4021982995,Champions
CUST106311,237,8,168577.87643698143,Champions
CUST102266,10,8,168467.99289467727,Champions
CUST100076,125,5,168441.13485629423,Champions
CUST103161,1,15,168202.69276118232,Champions
CUST104986,767,6,168174.7771102504,Loyal Customers
CUST100732,79,8,167989.84715912218,Champions
CUST103019,424,6,167587.94991930266,Loyal Customers
CUST102000,661,6,167577.7657721875,Loyal Customers
CUST105963,552,8,167489.46947655678,Loyal Customers
CUST104698,408,15,167367.52325799104,Loyal Customers
CUST100086,455,5,166965.39414106286,Loyal Customers
CUST106348,118,6,166889.88056187818,Champions
CUST107551,381,6,166660.13070521888,Loyal Customers
CUST107496,5,6,166578.4789319287,Champions
CUST105769,779,6,166410.99141312312,Loyal Customers
CUST106579,167,6,166262.7700702651,Champions
CUST105857,167,6,165875.80384960823,Champions
CUST106727,626,4,165858.69688056933,Loyal Customers
CUST100116,258,8,165620.96373170766,Champions
CUST100684,120,6,165410.7439442475,Champions
CUST103361,207,5,165258.00243670703,Champions
CUST103502,30,6,165224.49283518022,Champions
CUST100236,231,6,165076.70400591273,Champions
CUST104414,457,6,165062.0666287125,Loyal Customers
CUST103002,114,5,165036.92673968253,Champions
CUST101943,539,8,164854.7975220549,Loyal Customers
CUST106206,2,15,164719.88369231363,Champions
CUST106501,231,6,164614.59032782997,Champions
CUST107130,539,10,164614.53950269357,Loyal Customers
CUST107906,532,6,164294.3719340416,Loyal Customers
CUST103392,282,5,164210.86474532203,Champions
CUST100315,496,15,164210.16223556738,Loyal Customers
CUST100181,681,8,163967.37326435823,Loyal Customers
CUST107465,41,5,163923.98716610108,Champions
CUST105409,619,5,163608.78739734853,Loyal Customers
CUST101503,535,8,163223.6434774592,Loyal Customers
CUST106425,527,4,163036.2194927236,Loyal Customers
CUST102349,49,6,162862.52686813846,Champions
CUST104501,17,6,162528.61835085787,Champions
CUST105398,597,6,162197.55195528144,Loyal Customers
CUST105915,208,4,161856.2288089933,Champions
CUST100365,1,8,161787.73464195366,Champions
CUST105508,63,6,161730.64222928058,Champions
CUST104105,2,5,161711.10765054316,Champions
CUST101673,718,6,161662.38417012923,Loyal Customers
CUST103901,77,5,161310.24376861515,Champions
CUST106694,635,5,161237.76777180884,Loyal Customers
CUST101635,392,8,161231.47909853462,Loyal Customers
CUST101820,61,15,161010.40859424337,Champions
CUST106559,604,6,160882.29493286877,Loyal Customers
CUST107781,579,5,160748.79741794063,Loyal Customers
CUST102726,566,6,160711.81331767308,Loyal Customers
CUST105098,328,6,160686.81953050365,Loyal Customers
CUST101993,705,6,159643.82109016518,Loyal Customers
CUST107723,58,6,159539.6841523646,Champions
CUST103790,597,5,159377.11983240492,Loyal Customers
CUST104906,3,5,159376.13218325985,Champions
CUST103863,92,8,159136.43334358727,Champions
CUST103413,6,6,159004.23562894386,Champions
CUST100522,476,5,158971.3818891738,Loyal Customers
CUST102140,73,5,158789.46638170758,Champions
CUST102096,369,6,158605.9177538172,Loyal Customers
CUST102324,675,6,158390.49529031402,Loyal Customers
CUST107118,226,4,158290.11144731534,Champions
CUST101111,468,5,158198.55745113894,Loyal Customers
CUST107587,402,5,158155.5839185258,Loyal Customers
CUST106936,168,6,157842.94234238224,Champions
CUST105676,415,6,157823.55227621685,Loyal Customers
CUST102004,42,5,157756.1274726095,Champions
CUST106180,639,6,157660.7693178938,Loyal Customers
CUST104827,594,8,157574.5056214123,Loyal Customers
CUST107793,647,6,157506.0171368964,Loyal Customers
CUST104519,64,5,157480.99243019195,Champions
CUST102091,13,15,157427.08695190577,Champions
CUST106888,397,4,157217.53780605405,Loyal Customers
CUST107733,201,6,157202.7186652335,Champions
CUST105651,779,5,157131.3615482417,Loyal Customers
CUST103524,195,6,157107.2395957974,Champions
CUST105684,45,5,156913.81844819325,Champions
CUST100098,694,5,156903.42289854976,Loyal Customers
CUST107810,3,5,156897.77282585815,Champions
CUST100608,738,8,156824.60569981355,Loyal Customers
CUST102137,100,6,156757.01242225256,Champions
CUST103818,110,5,156725.71169913528,Champions
CUST105682,79,15,156444.07796711658,Champions
CUST107820,137,5,156440.90823516308,Champions
CUST104754,90,6,156387.21197466188,Champions
CUST103656,6,15,156269.4357985558,Champions
CUST107741,471,4,156181.5864011292,Loyal Customers
CUST100146,22,8,156088.55136103457,Champions
CUST101273,484,6,155931.9494102752,Loyal Customers
CUST104924,10,6,155890.70092792713,Champions
CUST102745,275,5,155530.18226545138,Champions
CUST105094,628,5,155417.0739235749,Loyal Customers
CUST105764,452,4,155403.78780705715,Loyal Customers
CUST105060,446,6,155344.12294794183,Loyal Customers
CUST105634,395,4,155316.0033233125,Loyal Customers
CUST102840,155,15,155281.161756312,Champions
CUST105089,21,6,155233.51202778475,Champions
CUST105909,332,5,155180.605957911,Loyal Customers
CUST103843,470,6,154881.4975527408,Loyal Customers
CUST106234,101,6,154782.0111093846,Champions
CUST105202,18,6,154698.41313145164,Champions
CUST100580,492,6,154662.86360034405,Loyal Customers
CUST105022,552,6,154631.44357940688,Loyal Customers
CUST105095,5,5,154480.89894680862,Champions
CUST107607,318,6,154373.3949915655,Loyal Customers
CUST107802,4,8,154341.82937677103,Champions
CUST106839,701,8,154308.63701083668,Loyal Customers
CUST102921,726,6,154239.31271037975,Loyal Customers
CUST107144,754,5,154070.07699085263,Loyal Customers
CUST105995,1,6,154064.72080365598,Champions
CUST100145,396,8,153858.77618622783,Loyal Customers
CUST101286,375,5,153790.87226045772,Loyal Customers
CUST107833,156,5,153744.28581203287,Champions
CUST105610,467,5,153700.5892595752,Loyal Customers
CUST106057,218,6,153697.5587655068,Champions
CUST105709,219,6,153610.80636717918,Champions
CUST101750,712,5,153214.79917281208,Loyal Customers
CUST105243,92,4,153118.2596026391,Champions
CUST107710,132,15,153063.06350226694,Champions
CUST101699,513,5,152987.81479528765,Loyal Customers
CUST107763,155,5,152880.4946137533,Champions
CUST107967,636,5,152696.75431497773,Loyal Customers
CUST105717,24,6,152533.7678911139,Champions
CUST105852,21,5,152528.64783525481,Champions
CUST104919,6,5,152333.5450176912,Champions
CUST102179,248,10,152295.6359150077,Champions
CUST101654,683,8,152171.39990886915,Loyal Customers
CUST106265,511,4,151994.1932232977,Loyal Customers
CUST107890,31,5,151719.19922537083,Champions
CUST101473,220,15,151579.2462976407,Champions
CUST106120,4,5,151479.03614818281,Champions
CUST101193,496,6,151192.9237760297,Loyal Customers
CUST105900,386,4,151151.80522533867,Loyal Customers
CUST106491,34,5,151115.58413569574,Champions
CUST107413,580,5,151008.0430556744,Loyal Customers
CUST104213,389,5,150785.79429180597,Loyal Customers
CUST103572,336,5,150196.8120800811,Loyal Customers
CUST104711,657,15,150053.602020165,Loyal Customers
CUST104345,501,6,149909.81235514418,Loyal Customers
CUST106237,10,4,149845.65058428157,Champions
CUST107143,9,6,149843.8410065782,Champions
CUST100096,324,8,149754.28195530284,Loyal Customers
CUST107115,267,6,149751.62448289403,Champions
CUST104013,360,6,149731.58716529526,Loyal Customers
CUST102003,724,6,149608.61146863888,Loyal Customers
CUST100253,273,8,149326.56169898686,Champions
CUST107546,535,4,149223.96913231583,Loyal Customers
CUST102313,611,15,149169.78508108007,Loyal Customers
CUST107196,21,5,148817.02875487553,Champions
CUST101370,49,5,148629.14598904536,Champions
CUST105576,3,15,148513.42589500992,Champions
CUST102285,599,5,148486.9007202811,Loyal Customers
CUST106721,141,10,148455.85181449144,Champions
CUST102037,790,5,148319.9745315684,Loyal Customers
CUST107929,462,4,148130.0606580954,Loyal Customers
CUST105920,170,4,147988.68540577823,Champions
CUST102022,215,15,147602.66837167335,Champions
CUST106239,689,5,147482.74942604615,Loyal Customers
CUST106204,135,5,147402.68638433586,Champions
CUST101106,67,6,147324.99284603127,Champions
CUST101192,223,6,147236.5821970932,Champions
CUST103963,480,6,147217.76541103926,Loyal Customers
CUST102395,359,6,147191.348043786,Loyal Customers
CUST107012,421,5,147182.73914594675,Loyal Customers
CUST102966,707,5,147108.84692285533,Loyal Customers
CUST104285,317,6,146975.08931942034,Loyal Customers
CUST103223,390,5,146686.23286480625,Loyal Customers
CUST106540,4,6,146613.34694687914,Champions
CUST107433,14,5,146569.010278173,Champions
CUST105845,366,4,146564.29893740048,Loyal Customers
CUST104384,464,10,146519.1909254791,Loyal Customers
CUST102902,4,6,146412.45395081153,Champions
CUST102525,494,5,146384.40990785856,Loyal Customers
CUST103584,15,5,146103.7331636333,Champions
CUST107183,22,4,145800.3608006294,Champions
CUST106456,684,4,145519.8756202973,Loyal Customers
CUST107553,500,4,145474.12506604154,Loyal Customers
CUST100381,458,5,145368.2582033912,Loyal Customers
CUST103394,440,5,145356.8743459679,Loyal Customers
CUST103568,737,5,145314.35922087272,Loyal Customers
CUST107093,73,4,145274.16104382518,Champions
CUST107019,22,6,145270.56853553472,Champions
CUST106419,440,6,145194.09864381995,Loyal Customers
CUST100587,475,6,145127.60877991043,Loyal Customers
CUST106946,645,15,144916.71976450263,Loyal Customers
CUST104008,36,5,144749.01374145623,Champions
CUST101268,669,5,144616.33132490923,Loyal Customers
CUST105722,29,6,144608.63573301732,Champions
CUST104007,545,6,144533.02947675256,Loyal Customers
CUST101486,444,8,144451.53735497914,Loyal Customers
CUST104412,621,5,144245.3242421935,Loyal Customers
CUST103761,56,6,144204.25381789653,Champions
CUST105976,723,5,144137.15775967477,Loyal Customers
CUST102646,5,6,144119.70743590704,Champions
CUST106062,6,5,143991.75532376225,Champions
CUST105327,389,5,143977.2136531354,Loyal Customers
CUST104332,582,5,143640.27139921073,Loyal Customers
CUST107481,512,5,143344.97457174966,Loyal Customers
CUST103371,11,15,143326.9207577498,Champions
CUST102776,525,6,143294.36337555194,Loyal Customers
CUST100518,571,5,143290.21522320466,Loyal Customers
CUST101043,464,5,143241.5519794527,Loyal Customers
CUST104684,209,15,143214.18519283566,Champions
CUST101405,462,5,143197.97866056566,Loyal Customers
CUST106033,456,4,143195.50249110092,Loyal Customers
CUST107603,194,4,142778.93687203806,Champions
CUST107775,231,5,142744.93234141776,Champions
CUST105009,684,15,142503.14131215046,Loyal Customers
CUST100665,41,5,142358.25148867953,Champions
CUST100182,5,8,142062.3949221792,Champions
CUST104745,23,5,141778.2266680077,Champions
CUST104327,65,5,141748.1769674756,Champions
CUST105433,19,5,141637.2214992652,Champions
CUST107777,847,4,141576.39825961326,Loyal Customers
CUST103403,136,6,141376.46036810256,Champions
CUST107228,248,4,141118.86627191675,Champions
CUST103544,317,5,140874.16857748126,Loyal Customers
CUST104048,557,5,140866.07500739678,Loyal Customers
CUST100805,238,6,140619.29370116477,Champions
CUST102832,61,15,140518.05569992439,Champions
CUST107207,431,8,140467.45375055974,Loyal Customers
CUST103925,622,6,140338.75224732372,Loyal Customers
CUST104792,519,5,140315.81978189485,Loyal Customers
CUST100433,587,5,140234.83376385595,Loyal Customers
CUST106369,258,6,139586.24825067588,Champions
CUST104199,271,5,139580.47898862968,Champions
CUST106294,265,4,139546.61838463572,Champions
CUST100062,29,6,139408.08642811328,Champions
CUST104542,315,10,139096.36048941585,Champions
CUST103101,56,10,138955.55545047604,Champions
CUST101550,1,15,138752.18886586657,Champions
CUST101464,771,6,138602.5185956718,Loyal Customers
CUST106833,553,5,138539.00002618533,Loyal Customers
CUST100303,646,6,138388.9124025479,Loyal Customers
CUST105097,191,6,138327.06835103763,Champions
CUST105203,544,6,138309.29554138903,Loyal Customers
CUST103604,596,5,138208.58313054347,Loyal Customers
CUST103947,28,5,137926.0382326364,Champions
CUST104955,579,6,137773.63020512226,Loyal Customers
CUST101024,61,6,137533.1744873511,Champions
CUST100976,417,5,137471.91627504438,Loyal Customers
CUST107976,786,5,137123.6125641259,Loyal Customers
CUST106803,178,4,137059.45653005695,Champions
CUST106535,32,4,136953.5499549685,Champions
CUST103206,270,5,136850.03742394733,Champions
CUST100622,48,5,136836.6795016837,Champions
CUST103876,688,10,136607.19464963576,Loyal Customers
CUST107601,455,4,136517.0539003647,Loyal Customers
CUST100224,12,5,136275.21014798383,Champions
CUST103149,491,5,136116.34614415144,Loyal Customers
CUST102214,744,10,136086.8263539542,Loyal Customers
CUST107778,131,5,136085.17880919634,Champions
CUST106790,53,5,136050.2074656949,Champions
CUST100941,524,5,135809.5213110266,Loyal Customers
CUST101379,681,5,135587.7194601857,Loyal Customers
CUST107211,17,4,135554.7125255901,Champions
CUST107632,465,4,135461.12284233593,Loyal Customers
CUST101508,448,6,135392.83815212018,Loyal Customers
CUST107381,3,4,135329.33794447314,Champions
CUST107630,139,5,135323.07065239132,Champions
CUST104497,407,5,135287.21747596207,Loyal Customers
CUST104553,11,10,135173.45972927083,Champions
CUST102342,729,5,134906.5408719033,Loyal Customers
CUST105693,14,5,134694.3363769369,Champions
CUST106341,594,6,134508.74184917336,Loyal Customers
CUST106556,739,4,134486.39674113807,Loyal Customers
CUST103294,189,5,134306.44944592234,Champions
CUST101121,490,5,134183.53665344324,Loyal Customers
CUST106416,63,5,134082.62236638053,Champions
CUST100091,510,6,134067.97443717602,Loyal Customers
CUST105914,28,4,133988.5896801388,Champions
CUST105205,622,6,133795.96141724664,Loyal Customers
CUST105225,770,4,133749.64596109092,Loyal Customers
CUST101085,92,6,133636.10556599463,Champions
CUST107927,54,4,133581.3220592469,Champions
CUST106493,590,4,133460.07946840348,Loyal Customers
CUST107402,23,10,133430.963190088,Champions
CUST105711,170,10,133280.35729083733,Champions
CUST105739,128,4,133108.25825463625,Champions
CUST103519,742,6,133011.52533436316,Loyal Customers
CUST103630,8,5,132892.671628481,Champions
CUST104564,588,6,132870.76883866644,Loyal Customers
CUST103127,82,5,132797.76060393808,Champions
CUST107780,1,4,132708.1089976278,Champions
CUST106824,69,5,132620.84387221077,Champions
CUST101265,677,5,132409.38698738292,Loyal Customers
CUST100958,3,6,132400.2521924474,Champions
CUST103172,186,6,132313.55420984095,Champions
CUST104134,18,6,132103.36621812987,Champions
CUST106092,452,10,132103.31306405217,Loyal Customers
CUST103762,633,6,132061.14564476514,Loyal Customers
CUST105273,4,4,132031.40515850985,Champions
CUST103181,14,5,131805.36285432687,Champions
CUST106023,235,4,131525.0839839638,Champions
CUST104849,3,6,131150.78591937938,Champions
CUST100998,474,6,130886.681559548,Loyal Customers
CUST100616,28,5,130724.14743387271,Champions
CUST104567,157,5,130384.56092715511,Champions
CUST101576,623,5,130297.44068953174,Loyal Customers
CUST105200,386,5,130196.19880842243,Loyal Customers
CUST106730,63,5,130138.25647970621,Champions
CUST107178,558,5,130028.6689422658,Loyal Customers
CUST107395,559,4,130022.57426674278,Loyal Customers
CUST101747,594,6,129793.0052933197,Loyal Customers
CUST100491,452,10,129540.68667238735,Loyal Customers
CUST105794,59,4,129191.29952753716,Champions
CUST103267,468,5,129155.5724406595,Loyal Customers
CUST101299,167,10,129040.07033706587,Champions
CUST105268,527,4,129009.6872619399,Loyal Customers
CUST106273,2,6,128881.57814410905,Champions
CUST103238,34,5,128074.44331135409,Champions
CUST103867,654,5,127879.51808388164,Loyal Customers
CUST105357,71,4,127791.53456640302,Champions
CUST107596,284,6,127758.25267326614,Champions
CUST101495,43,5,127446.6672329026,Champions
CUST107543,32,5,127420.24258119869,Champions
CUST103476,611,6,127300.58075677292,Loyal Customers
CUST101130,631,10,127191.36824937485,Loyal Customers
CUST101973,631,5,127157.63679184385,Loyal Customers
CUST107237,330,4,127022.53894314883,Loyal Customers
CUST103970,615,8,126794.45825509702,Loyal Customers
CUST100528,220,5,126784.36810166753,Champions
CUST106381,45,4,126542.26208994478,Champions
CUST101852,70,5,126437.88747333713,Champions
CUST105673,470,4,126374.01997406993,Loyal Customers
CUST106853,53,5,126322.42496001281,Champions
CUST106836,44,6,126193.77617049331,Champions
CUST106213,404,10,125701.09545378698,Loyal Customers
CUST107531,18,6,125606.3908892755,Champions
CUST106165,813,4,125563.73353178099,Loyal Customers
CUST100058,200,5,125515.30776816288,Champions
CUST105355,414,5,125497.30872305576,Loyal Customers
CUST102543,141,5,125439.54484068186,Champions
CUST105472,16,10,125416.00131119703,Champions
CUST107411,59,5,124827.23058118176,Champions
CUST106232,6,10,124800.66891354935,Champions
CUST105692,371,5,124588.22811048868,Loyal Customers
CUST106747,23,4,124449.03769067184,Champions
CUST107123,464,4,124345.49463130024,Loyal Customers
CUST102338,552,6,124147.29690293025,Loyal Customers
CUST100602,60,5,124066.3061714418,Champions
CUST107075,386,10,123899.74719345171,Loyal Customers
CUST106827,476,4,123627.28090277186,Loyal Customers
CUST100159,329,5,123507.46976385333,Loyal Customers
CUST102333,289,5,123474.90949899974,Champions
CUST103640,6,5,123430.99323223668,Champions
CUST105133,485,5,123387.23033685407,Loyal Customers
CUST107668,68,5,123258.96755305381,Champions
CUST105523,428,5,123124.69420638314,Loyal Customers
CUST100117,779,5,123089.46152299127,Loyal Customers
CUST100060,87,5,122777.1662417861,Champions
CUST102661,335,5,122709.77178785921,Loyal Customers
CUST106035,496,4,122685.60565985639,Loyal Customers
CUST101607,397,6,122674.62858409253,Loyal Customers
CUST105174,3,5,122673.39324588048,Champions
CUST107099,130,10,122471.6847678954,Champions
CUST104966,388,6,122036.48037366263,Loyal Customers
CUST100977,443,6,121249.86995060653,Loyal Customers
CUST106532,300,4,120987.4817065426,Champions
CUST105048,22,5,120874.71724721351,Champions
CUST107555,43,4,120817.39729912869,Champions
CUST104234,203,6,120279.98323032811,Champions
CUST104179,113,5,120279.00881695411,Champions
CUST101302,263,10,120007.46022795973,Champions
CUST107429,508,6,119954.67629459569,Loyal Customers
CUST101564,492,5,119821.3107946956,Loyal Customers
CUST101597,643,6,119647.19374675857,Loyal Customers
CUST107441,592,5,119461.80790322232,Loyal Customers
CUST100193,3,6,119434.50399010055,Champions
CUST103547,520,5,119201.31633481635,Loyal Customers
CUST101722,3,5,119137.61859774317,Champions
CUST104115,74,5,119061.0916949308,Champions
CUST100808,638,5,118874.59342325522,Loyal Customers
CUST103735,75,8,118558.96807554744,Champions
CUST101447,653,6,118484.56382381899,Loyal Customers
CUST104025,701,10,118421.8849898894,Loyal Customers
CUST105015,39,5,118324.7394977588,Champions
CUST101947,171,6,118156.5732240548,Champions
CUST102992,563,5,118107.05991529126,Loyal Customers
CUST106332,10,8,118090.14804717392,Champions
CUST105719,11,6,117985.2293240149,Champions
CUST105345,96,10,117829.3141511397,Champions
CUST103922,375,5,117692.26151637782,Loyal Customers
CUST100516,22,6,117687.66253682566,Champions
CUST107686,262,5,117674.76868865783,Champions
CUST105495,738,4,117641.58442539725,Loyal Customers
CUST100529,150,6,117628.58469997936,Champions
CUST105848,325,6,117614.77277533824,Loyal Customers
CUST102624,39,10,117613.17758453747,Champions
CUST105197,536,4,117588.04490444437,Loyal Customers
CUST106755,77,5,117562.68100079233,Champions
CUST103111,60,5,117548.67058734305,Champions
CUST103912,523,10,117523.09951486315,Loyal Customers
CUST105626,362,5,117462.6855475145,Loyal Customers
CUST102580,712,10,117427.82464930377,Loyal Customers
CUST104142,9,5,117360.49733757129,Champions
CUST105411,170,10,117316.28734112442,Champions
CUST107776,470,4,117197.80501687223,Loyal Customers
CUST106075,706,5,116914.17608836162,Loyal Customers
CUST102960,210,8,116829.40467447467,Champions
CUST101764,66,5,116625.33227531739,Champions
CUST106238,220,4,116616.92984013175,Champions
CUST100492,538,10,116556.81817672179,Loyal Customers
CUST101579,360,6,116207.08298734015,Loyal Customers
CUST103469,11,10,116174.24438594603,Champions
CUST106795,402,4,116119.1327727752,Loyal Customers
CUST103899,52,8,116012.23449467924,Champions
CUST107230,8,10,115946.58137511997,Champions
CUST100230,775,8,115668.38270695455,Loyal Customers
CUST101164,1,6,115456.805685563,Champions
CUST105401,127,5,115437.38457763166,Champions
CUST105646,37,5,115347.50470506836,Champions
CUST103318,678,10,115013.05655773364,Loyal Customers
CUST107136,22,10,114946.0651414163,Champions
CUST104120,496,5,114612.97762273332,Loyal Customers
CUST100904,802,8,114571.39169926645,Loyal Customers
CUST100925,32,10,114469.9257516959,Champions
CUST107816,424,5,114463.4729354365,Loyal Customers
CUST103177,51,6,114432.56334085774,Champions
CUST105929,5,4,114287.27290477966,Champions
CUST106350,678,4,113856.81207858313,Loyal Customers
CUST105686,558,4,113813.50499638816,Loyal Customers
CUST107806,150,10,113679.51046707584,Champions
CUST105655,69,4,113609.22019454118,Champions
CUST100248,53,6,113435.69713927011,Champions
CUST103559,400,10,113325.5420664764,Loyal Customers
CUST107918,329,5,113232.88900130182,Loyal Customers
CUST100579,289,8,113136.00796707095,Champions
CUST102701,385,10,112886.04140182416,Loyal Customers
CUST103305,160,6,112857.40489728967,Champions
CUST101065,336,8,112582.12695550473,Loyal Customers
CUST105301,440,10,112235.29280264938,Loyal Customers
CUST107078,9,10,112153.29510905837,Champions
CUST107306,719,4,111646.65675903874,Loyal Customers
CUST107743,522,10,111370.98759493204,Loyal Customers
CUST100989,688,5,111303.41481214591,Loyal Customers
CUST106951,553,5,111192.46435168637,Loyal Customers
CUST105344,414,4,110873.6775532569,Loyal Customers
CUST107188,350,10,110822.97092214333,Loyal Customers
CUST105855,701,5,110656.49713122664,Loyal Customers
CUST103984,6,5,110488.71874249988,Champions
CUST100604,31,5,110387.78144776702,Champions
CUST105462,186,4,110367.5889135196,Champions
CUST104411,621,5,110039.91840485527,Loyal Customers
CUST104699,15,5,109972.31769909107,Champions
CUST100451,444,5,109913.95692893822,Loyal Customers
CUST101072,680,5,109696.74566195672,Loyal Customers
CUST103874,646,5,109576.44809434652,Loyal Customers
CUST105975,27,6,109567.72891840353,Champions
CUST103057,792,5,109467.7516725265,Loyal Customers
CUST105853,584,8,109441.5654757205,Loyal Customers
CUST106011,106,4,109247.83755814473,Champions
CUST103477,537,10,109020.00881904038,Loyal Customers
CUST102749,16,10,108988.75970169457,Champions
CUST104382,454,10,108722.15483514349,Loyal Customers
CUST100610,399,10,108660.74405146707,Loyal Customers
CUST106569,21,6,108611.58245511867,Champions
CUST106907,19,10,108590.33333988184,Champions
CUST102372,689,5,108285.16086655011,Loyal Customers
CUST102286,254,10,108237.74379817287,Champions
CUST107068,25,10,108133.25745359939,Champions
CUST104873,528,5,108100.83199045563,Loyal Customers
CUST106942,15,5,108074.1253620102,Champions
CUST105998,667,4,107821.68182994967,Loyal Customers
CUST106642,542,6,107800.21378692552,Loyal Customers
CUST107000,7,4,107788.72335753636,Champions
CUST107952,533,5,107766.44393663929,Loyal Customers
CUST107240,29,5,107693.61626375272,Champions
CUST100804,583,8,107591.18951371264,Loyal Customers
CUST105814,56,4,107475.69613655357,Champions
CUST100781,732,5,107285.01567862829,Loyal Customers
CUST106216,6,8,107250.72411717114,Champions
CUST103517,517,5,107201.66100487096,Loyal Customers
CUST105968,290,4,107125.10261929146,Champions
CUST107766,58,4,107008.48960887286,Champions
CUST102373,4,8,106971.02862197676,Champions
CUST107091,254,4,106958.10556936936,Champions
CUST103405,10,8,106957.09142430522,Champions
CUST101303,94,10,106925.2021596146,Champions
CUST105804,555,5,106884.49256305936,Loyal Customers
CUST105298,517,8,106745.91379635865,Loyal Customers
CUST107385,1,5,106274.58052511302,Champions
CUST103335,34,10,106086.99836788308,Champions
CUST100933,491,10,106009.09732772838,Loyal Customers
CUST105088,383,5,105910.66430408566,Loyal Customers
CUST102309,465,6,105901.01963006139,Loyal Customers
CUST107189,777,5,105812.2338039544,Loyal Customers
CUST106479,35,8,105782.18485023714,Champions
CUST106292,8,5,105769.37481729411,Champions
CUST105270,746,8,105701.43058871204,Loyal Customers
CUST103607,620,10,105537.96228695044,Loyal Customers
CUST101187,19,10,105270.45950099162,Champions
CUST106744,6,4,105223.4021611145,Champions
CUST104242,266,10,105195.58341415295,Champions
CUST103530,669,5,105047.38421214127,Loyal Customers
CUST103337,18,8,104932.5705014551,Champions
CUST107338,176,8,104900.44698931955,Champions
CUST104638,228,8,104862.91300199961,Champions
CUST104379,259,5,104811.2491079971,Champions
CUST102928,692,5,104724.07978820859,Loyal Customers
CUST101627,455,8,104533.39154149329,Loyal Customers
CUST102738,531,8,104352.93188332695,Loyal Customers
CUST100195,272,10,104249.83868038945,Champions
CUST105311,6,8,104183.11193106958,Champions
CUST103136,41,8,104179.717939886,Champions
CUST107297,640,4,104112.57348984033,Loyal Customers
CUST106104,45,4,103963.52929649665,Champions
CUST107676,23,5,103515.91903270097,Champions
CUST103244,780,6,103511.63889444424,Loyal Customers
CUST106085,370,10,103500.89960746875,Loyal Customers
CUST107600,5,5,103323.30257238964,Champions
CUST101551,620,10,103242.08428678632,Loyal Customers
CUST100468,23,5,103173.30399542779,Champions
CUST107540,205,4,103108.09352509226,Champions
CUST106902,108,5,103107.5432889811,Champions
CUST106857,4,6,103098.31985028721,Champions
CUST102331,366,10,102901.69326258803,Loyal Customers
CUST106815,112,4,102816.98812276218,Champions
CUST105904,26,5,102733.91949387763,Champions
CUST100514,145,8,102587.20751540118,Champions
CUST100948,395,8,102457.97945010559,Loyal Customers
CUST100876,754,5,102447.32956915128,Loyal Customers
CUST104603,640,8,102346.4921133987,Loyal Customers
CUST104306,312,5,102313.3380077181,Champions
CUST105422,13,5,102304.79705002805,Champions
CUST106544,802,6,102253.86214465377,Loyal Customers
CUST104266,22,8,102073.78615092175,Champions
CUST100179,372,5,101637.17764078465,Loyal Customers
CUST107779,73,5,101237.33199762812,Champions
CUST102837,1,10,101230.21148115603,Champions
CUST105885,182,4,101193.83470784585,Champions
CUST103903,5,10,100789.40223643447,Champions
CUST103130,22,5,100583.11995953956,Champions
CUST104064,776,6,100400.11995494588,Loyal Customers
CUST102181,40,8,100139.49101279798,Champions
CUST104770,483,6,100034.41088429806,Loyal Customers
CUST106527,630,5,99897.43906116123,Loyal Customers
CUST107625,223,5,99809.51694570726,Champions
CUST102777,550,6,99674.7399444451,Loyal Customers
CUST104232,281,8,99633.59606141874,Champions
CUST100500,428,10,99338.80326266382,Loyal Customers
CUST101364,798,8,99292.2977247795,Loyal Customers
CUST107846,103,5,99284.98818579403,Champions
CUST103911,14,8,99122.16195452654,Champions
CUST101477,9,5,98888.99771524292,Champions
CUST101785,11,8,98746.08558053445,Champions
CUST101701,403,10,98703.79789287737,Loyal Customers
CUST100254,318,8,98699.64840593403,Loyal Customers
CUST107355,469,4,98665.66811419831,Loyal Customers
CUST105267,9,4,98629.7361724472,Champions
CUST101096,379,8,98021.46107241043,Loyal Customers
CUST102358,196,8,97882.83107695251,Champions
CUST103282,732,10,97826.42275153806,Loyal Customers
CUST107477,682,8,97809.79781733129,Loyal Customers
CUST100077,117,6,97449.04291844038,Champions
CUST106036,8,10,97396.15417687432,Champions
CUST102464,108,5,97242.99894772333,Champions
CUST107774,218,4,97050.15349065207,Champions
CUST103910,6,8,97005.92546327767,Champions
CUST107597,249,4,96653.30629046241,Champions
CUST104111,8,10,96390.37601581916,Champions
CUST103299,200,10,96381.83356630578,Champions
CUST105235,246,5,96246.2914822498,Champions
CUST101225,3,5,96182.10366778981,Champions
CUST100598,31,10,96038.14319441591,Champions
CUST101594,281,6,95980.25784053221,Champions
CUST100716,245,10,95647.2540445054,Champions
CUST105506,23,5,95570.42072870536,Champions
CUST101045,432,10,95272.59542737268,Loyal Customers
CUST107962,241,8,95174.12554888352,Champions
CUST104926,555,10,94984.30202697711,Loyal Customers
CUST101275,164,6,94968.2169569901,Champions
CUST106704,502,4,94945.35503701046,Loyal Customers
CUST107968,101,4,94874.67234533463,Champions
CUST102954,7,6,94726.65466420384,Champions
CUST102058,613,5,94715.57139586113,Loyal Customers
CUST107752,483,6,94552.21306984595,Loyal Customers
CUST100807,14,10,94278.67221853195,Champions
CUST105667,308,8,94127.25435085561,Champions
CUST100502,608,5,93736.10346704768,Loyal Customers
CUST103414,693,8,93404.06831562317,Loyal Customers
CUST102278,270,8,93097.21850637218,Champions
CUST106666,590,5,92812.41143347685,Loyal Customers
CUST107246,792,8,92722.37974291475,Loyal Customers
CUST103913,382,8,92719.96812043396,Loyal Customers
CUST107666,11,5,92717.65529207904,Champions
CUST103920,339,5,92661.37717200957,Loyal Customers
CUST107023,195,4,92556.7099436115,Champions
CUST107692,248,8,92451.40838803838,Champions
CUST101081,601,10,92356.7359482561,Loyal Customers
CUST104847,15,8,92355.88224510636,Champions
CUST107506,78,4,92215.13040905698,Champions
CUST101138,110,8,92033.86678143305,Champions
CUST102346,153,5,91962.9225730534,Champions
CUST102176,202,10,91951.86685010306,Champions
CUST105485,19,4,91761.45190121216,Champions
CUST100081,745,10,91750.91288045325,Loyal Customers
CUST107899,419,4,91561.8022424021,Loyal Customers
CUST103387,103,8,91474.09519300339,Champions
CUST100799,357,5,91358.3489688335,Loyal Customers
CUST106380,326,8,91343.08564829046,Loyal Customers
CUST103879,680,8,91252.97496817121,Loyal Customers
CUST103341,26,6,90877.78757851239,Champions
CUST107475,592,8,90877.45949575515,Loyal Customers
CUST106373,35,4,90867.37698085442,Champions
CUST100464,12,5,90672.13318121067,Champions
CUST105741,383,4,90565.84737862457,Loyal Customers
CUST102700,328,8,90045.13570076934,Loyal Customers
CUST106594,553,4,89877.21135087941,Loyal Customers
CUST101413,15,10,89787.67421113794,Champions
CUST106581,836,5,89678.76643821996,Loyal Customers
CUST102711,69,6,89678.25396795906,Champions
CUST106454,83,6,89660.71830599144,Champions
CUST106183,754,8,89614.63285011923,Loyal Customers
CUST106137,543,8,89548.93464651574,Loyal Customers
CUST100333,793,10,89300.18331890232,Loyal Customers
CUST106497,745,4,89248.3774280337,Loyal Customers
CUST106339,567,8,89181.23975858316,Loyal Customers
CUST106697,348,8,89105.57167101327,Loyal Customers
CUST100951,403,10,89017.65287301436,Loyal Customers
CUST101548,647,10,89005.3627936049,Loyal Customers
CUST103750,521,5,88920.86801333945,Loyal Customers
CUST101749,184,5,88910.43930003757,Champions
CUST105799,456,8,88685.87497608612,Loyal Customers
CUST105854,665,8,88492.53532801586,Loyal Customers
CUST101532,8,8,88480.26910396128,Champions
CUST101527,600,6,88318.89201448244,Loyal Customers
CUST107076,694,8,88244.38842425431,Loyal Customers
CUST105674,140,4,88234.1519025832,Champions
CUST101291,472,8,88230.25420299309,Loyal Customers
CUST106049,54,8,88195.49652517552,Champions
CUST105158,300,8,88191.33092279994,Champions
CUST100779,349,5,87808.10804082835,Loyal Customers
CUST103024,690,6,87797.69735305727,Loyal Customers
CUST104423,588,10,87642.77907208931,Loyal Customers
CUST106173,296,8,87390.31202313791,Champions
CUST107798,295,10,87339.00000574638,Champions
CUST105122,765,8,87111.20314233824,Loyal Customers
CUST107463,257,4,86948.79427528607,Champions
CUST105254,12,8,86671.85520615338,Champions
CUST101287,110,6,86557.27811123748,Champions
CUST105069,35,8,86446.22965325956,Champions
CUST105807,556,8,86276.00014366601,Loyal Customers
CUST105784,23,8,86243.84584567792,Champions
CUST107700,261,4,86204.3784385947,Champions
CUST106136,504,6,86057.22487258064,Loyal Customers
CUST105629,376,8,85809.14789371635,Loyal Customers
CUST107789,8,8,85769.3245301978,Champions
CUST102265,51,5,85532.25517456434,Champions
CUST106703,8,8,85501.58603386358,Champions
CUST106591,346,8,85417.70210212056,Loyal Customers
CUST103034,417,6,85272.71106060321,Loyal Customers
CUST102531,645,8,85213.57133783725,Loyal Customers
CUST106392,437,6,85177.18430538107,Loyal Customers
CUST102631,144,8,85075.36462512259,Champions
CUST105335,200,5,85056.1948251134,Champions
CUST101789,12,5,85049.64271423023,Champions
CUST107071,273,4,85014.93747828095,Champions
CUST104611,18,6,84638.85593591964,Champions
CUST103292,154,10,84493.79840543575,Champions
CUST106712,12,6,84459.15567795734,Champions
CUST100664,7,5,84286.2259125518,Champions
CUST103372,90,10,84127.37183924117,Champions
CUST102249,584,8,84069.6308371494,Loyal Customers
CUST105594,14,4,84028.43879387004,Champions
CUST106471,55,4,83982.55454769132,Champions
CUST101787,520,8,83980.24437877756,Loyal Customers
CUST106169,141,6,83942.07408758282,Champions
CUST106424,2,10,83775.99457258795,Champions
CUST107979,201,10,83722.12473588093,Champions
CUST101929,4,8,83596.85279025977,Champions
CUST104177,108,6,83444.11055760075,Champions
CUST101329,21,5,83152.90977042334,Champions
CUST100414,551,8,83113.06956674783,Loyal Customers
CUST107391,410,8,82785.86522084055,Loyal Customers
CUST105813,10,4,82764.6334943637,Champions
CUST107219,9,8,82738.27454973986,Champions
CUST107904,248,8,82627.74740869692,Champions
CUST105725,564,6,82316.71961221992,Loyal Customers
CUST107936,324,8,82150.78106574925,Loyal Customers
CUST103803,513,8,82142.13521258059,Loyal Customers
CUST105187,150,8,81682.7417845106,Champions
CUST106650,12,4,81502.23619010739,Champions
CUST104673,465,8,80862.70137520184,Loyal Customers
CUST106643,359,5,80731.57871699077,Loyal Customers
CUST102769,55,8,80706.94266119806,Champions
CUST102641,145,6,80528.86998345319,Champions
CUST107566,697,6,80351.77407201852,Loyal Customers
CUST107878,5,6,80235.55321822013,Champions
CUST107121,391,8,80228.65370452534,Loyal Customers
CUST107360,336,4,80026.48911426013,Loyal Customers
CUST102067,717,5,79864.62941450946,Loyal Customers
CUST104695,544,5,79669.89679057688,Loyal Customers
CUST106746,61,8,79332.08227314624,Champions
CUST106026,46,5,79320.48546653453,Champions
CUST107162,464,6,79301.71158410967,Loyal Customers
CUST106658,137,6,78906.52942990369,Champions
CUST102728,37,6,78812.27384422411,Champions
CUST103458,287,8,78747.76267300913,Champions
CUST101146,568,8,78249.3492220673,Loyal Customers
CUST100005,14,8,78235.5712229485,Champions
CUST107557,5,4,78190.79698894928,Champions
CUST106597,734,8,78174.20764266585,Loyal Customers
CUST104824,188,6,78136.1759480238,Champions
CUST103796,66,10,78076.57734531896,Champions
CUST106108,504,5,77863.41279353143,Loyal Customers
CUST102317,29,5,77732.5213153715,Champions
CUST106695,367,6,77543.31140174883,Loyal Customers
CUST102111,116,5,77441.11253747386,Champions
CUST101874,177,8,77146.80518122458,Champions
CUST101402,43,5,77112.0550703461,Champions
CUST104682,11,8,77090.68890802063,Champions
CUST107412,612,4,77086.49700449043,Loyal Customers
CUST106414,699,8,77073.77101026112,Loyal Customers
CUST104090,23,6,76992.64062563269,Champions
CUST103614,3,8,76781.14645683818,Champions
CUST105152,714,10,76669.89966389266,Loyal Customers
CUST107053,13,8,76663.26275501958,Champions
CUST101920,147,5,76652.11230097104,Champions
CUST106832,760,8,76601.00619692824,Loyal Customers
CUST102918,545,8,76461.74843203148,Loyal Customers
CUST107364,478,4,76421.70834883722,Loyal Customers
CUST100814,56,6,76417.98914858114,Champions
CUST101848,437,8,76245.46688785651,Loyal Customers
CUST103594,699,6,76177.98981311455,Loyal Customers
CUST107379,121,10,76000.53122631519,Champions
CUST104417,479,6,75920.77585365192,Loyal Customers
CUST106290,691,5,75830.33462745475,Loyal Customers
CUST107181,2,4,75815.0894579712,Champions
CUST100268,219,6,75785.45274868197,Champions
CUST105497,634,4,75629.46301827984,Loyal Customers
CUST106364,702,5,75584.27457754352,Loyal Customers
CUST107396,100,8,75577.3267337468,Champions
CUST105488,379,8,75556.77343499442,Loyal Customers
CUST100535,390,8,75452.1387477013,Loyal Customers
CUST105858,256,6,75443.27246044358,Champions
CUST103596,52,6,75418.06794280198,Champions
CUST102548,483,8,75357.37152716279,Loyal Customers
CUST106343,184,5,75321.79219245617,Champions
CUST107102,47,8,75302.50965094709,Champions
CUST105708,352,4,75175.91807310746,Loyal Customers
CUST106301,1,8,74995.38444146005,Champions
CUST106749,554,4,74974.77235618769,Loyal Customers
CUST107742,715,6,74921.48133492307,Loyal Customers
CUST102693,278,6,74856.66913966706,Champions
CUST105043,264,6,74842.14762339747,Champions
CUST100347,126,10,74808.69400402573,Champions
CUST107716,328,10,74703.30788505834,Loyal Customers
CUST105395,522,4,74614.3114858754,Loyal Customers
CUST101288,635,6,74552.79981315204,Loyal Customers
CUST105571,413,4,74404.01768246753,Loyal Customers
CUST103541,5,6,74230.62011671279,Champions
CUST107164,13,5,74180.899127193,Champions
CUST103454,384,8,74156.03610729011,Loyal Customers
CUST103227,225,6,74115.83559122431,Champions
CUST103152,233,8,73916.42180395543,Champions
CUST106960,307,8,73816.42584075723,Champions
CUST106073,16,6,73764.75466916511,Champions
CUST103423,63,8,73603.77290465984,Champions
CUST100438,26,6,73601.59120802594,Champions
CUST107301,907,6,73582.60247144231,Loyal Customers
CUST101799,224,6,73268.99874476208,Champions
CUST105213,384,8,73216.5175276176,Loyal Customers
CUST105044,8,6,73149.41561470887,Champions
CUST104003,8,6,72957.99044143315,Champions
CUST104270,387,10,72898.05554092386,Loyal Customers
CUST107880,17,5,72756.54031531475,Champions
CUST107083,618,8,72725.95667187276,Loyal Customers
CUST107033,712,6,72652.0061844483,Loyal Customers
CUST102007,228,6,72642.81760432804,Champions
CUST107217,554,5,72612.92356936252,Loyal Customers
CUST106257,11,8,72592.7671908963,Champions
CUST105524,59,5,72374.51927098379,Champions
CUST107127,234,6,72359.83261840395,Champions
CUST106988,402,8,72334.1902298766,Loyal Customers
CUST102242,297,6,72291.48071349271,Champions
CUST101242,293,6,72263.91864331547,Champions
CUST104009,53,5,72205.91772420687,Champions
CUST100439,32,6,71980.69867746328,Champions
CUST100848,20,6,71977.57960221225,Champions
CUST107092,48,6,71966.57544494909,Champions
CUST100201,594,8,71709.1534501633,Loyal Customers
CUST104092,47,5,71627.71973292416,Champions
CUST100796,509,6,71597.2499710745,Loyal Customers
CUST107031,743,6,71588.96099266803,Loyal Customers
CUST100258,629,5,71510.67159052873,Loyal Customers
CUST105663,504,6,71491.5203950566,Loyal Customers
CUST101512,290,6,71364.20256517197,Champions
CUST101608,644,6,71356.96632971325,Loyal Customers
CUST107627,103,5,71327.54909715687,Champions
CUST105369,13,5,71320.46247793327,Champions
CUST102221,30,8,71305.29585194944,Champions
CUST101498,22,5,71123.66160615058,Champions
CUST104038,585,6,71068.84103232544,Loyal Customers
CUST105321,705,5,70976.46184820891,Loyal Customers
CUST106685,224,10,70959.23747423638,Champions
CUST107335,492,5,70822.45114087628,Loyal Customers
CUST100070,778,6,70724.67491317331,Loyal Customers
CUST105039,579,6,70473.18948074762,Loyal Customers
CUST101767,8,6,70329.56362720672,Champions
CUST101927,448,6,70222.08986777981,Loyal Customers
CUST105672,151,8,70112.03668017505,Champions
CUST105159,723,5,69972.8683100151,Loyal Customers
CUST106131,482,6,69943.4779310047,Loyal Customers
CUST103918,324,6,69936.11846839909,Loyal Customers
CUST105965,510,6,69839.3244944457,Loyal Customers
CUST106112,661,5,69814.57837091552,Loyal Customers
CUST100905,574,8,69606.90258855696,Loyal Customers
CUST104432,100,5,69542.20383421436,Champions
CUST107801,119,4,69316.58618195751,Champions
CUST106418,495,4,69210.79016382524,Loyal Customers
CUST104321,384,8,69202.11004256312,Loyal Customers
CUST106072,345,8,69147.27972496391,Loyal Customers
CUST105354,84,8,69093.30586415686,Champions
CUST103939,274,8,68972.77446963605,Champions
CUST102852,51,6,68869.01137781456,Champions
CUST105937,162,5,68854.54719658842,Champions
CUST107737,264,6,68837.31136032208,Champions
CUST101707,36,6,68760.60621892594,Champions
CUST100012,623,5,68721.0561831623,Loyal Customers
CUST102327,17,6,68571.06020752715,Champions
CUST103996,540,6,68428.02638740731,Loyal Customers
CUST105588,126,6,68396.2815212293,Champions
CUST107808,608,5,68148.17384624343,Loyal Customers
CUST106436,632,5,68134.44011157943,Loyal Customers
CUST100412,589,6,68109.5080777678,Loyal Customers
CUST104456,138,6,68015.02107182668,Champions
CUST103729,14,5,67948.33531505604,Champions
CUST104876,3,6,67891.7338675288,Champions
CUST100513,692,5,67838.38014999099,Loyal Customers
CUST104280,257,5,67720.90650092931,Champions
CUST107248,3,8,67687.25733186632,Champions
CUST106563,18,6,67676.85340588572,Champions
CUST107205,17,8,67644.04293147793,Champions
CUST107636,2,5,67514.8352259398,Champions
CUST100975,8,8,67416.1027713143,Champions
CUST106577,42,5,67383.92170685087,Champions
CUST102942,18,8,67291.31596908653,Champions
CUST100559,301,8,67139.81333875412,Champions
CUST104286,552,6,66848.75560995187,Loyal Customers
CUST104610,403,6,66729.12349506465,Loyal Customers
CUST104809,159,8,66556.9039136108,Champions
CUST107455,195,8,66541.9491612828,Champions
CUST101941,97,6,66537.15459030961,Champions
CUST104015,488,6,66496.3996549136,Loyal Customers
CUST107856,500,6,66334.86943241558,Loyal Customers
CUST105732,742,6,66155.36306390999,Loyal Customers
CUST101294,290,6,65980.84464259983,Champions
CUST100307,17,6,65956.85350911604,Champions
CUST102821,729,5,65883.33341592437,Loyal Customers
CUST100374,647,8,65877.338257808,Loyal Customers
CUST102228,446,5,65851.03176367388,Loyal Customers
CUST107353,649,8,65773.36846200237,Loyal Customers
CUST104227,423,5,65728.07588482855,Loyal Customers
CUST107252,21,4,65702.47796242693,Champions
CUST101074,3,8,65661.83344560646,Champions
CUST104944,190,5,65660.2099732967,Champions
CUST106974,678,8,65564.16933101401,Loyal Customers
CUST107214,26,5,65544.10849933272,Champions
CUST102675,567,5,65469.73799188449,Loyal Customers
CUST102429,355,6,65356.01008563125,Loyal Customers
CUST103410,2,5,65354.70599277485,Champions
CUST102559,99,6,65328.80617367269,Champions
CUST107606,1,5,65183.43071100282,Champions
CUST104484,98,8,65107.77966578689,Champions
CUST103575,439,6,65074.22191738299,Loyal Customers
CUST106330,319,6,65009.119331465874,Loyal Customers
CUST103884,621,5,64885.53975361321,Loyal Customers
CUST104005,667,8,64813.24253857172,Loyal Customers
CUST102937,89,5,64805.1718849842,Champions
CUST107042,1,6,64789.802748854636,Champions
CUST104648,567,8,64751.78599901006,Loyal Customers
CUST100168,215,6,64730.23200377533,Champions
CUST101717,17,6,64699.96076764579,Champions
CUST107307,737,6,64550.08939662655,Loyal Customers
CUST100733,539,5,64428.752155903436,Loyal Customers
CUST101297,399,6,64409.06787365759,Loyal Customers
CUST100140,2,8,64302.068990565225,Champions
CUST101630,208,5,64293.355750041395,Champions
CUST107786,97,5,64291.38216952616,Champions
CUST105906,83,4,64104.29853703339,Champions
CUST102411,11,5,63974.686267639925,Champions
CUST105714,31,4,63968.854148821236,Champions
CUST101147,54,6,63926.970980544786,Champions
CUST106202,145,6,63864.40814799462,Champions
CUST106700,528,6,63632.13625695773,Loyal Customers
CUST100865,427,6,63597.64158475236,Loyal Customers
CUST100507,153,5,63498.12412349609,Champions
CUST107828,665,8,63405.7307889279,Loyal Customers
CUST101386,569,5,63358.156981085194,Loyal Customers
CUST107370,432,5,63351.8376045833,Loyal Customers
CUST106876,188,6,63271.478408514435,Champions
CUST103600,27,6,63128.712852154036,Champions
CUST104393,618,5,62793.592996423235,Loyal Customers
CUST105343,377,4,62763.81144955398,Loyal Customers
CUST105625,567,8,62736.140253758735,Loyal Customers
CUST105014,14,6,62730.494683881545,Champions
CUST102277,250,6,62608.092104294425,Champions
CUST106422,698,5,62498.88189977174,Loyal Customers
CUST102514,480,10,62278.014068177785,Loyal Customers
CUST107404,589,6,62212.48645689996,Loyal Customers
CUST101162,619,6,62145.71294038171,Loyal Customers
CUST105644,249,6,62065.837730537685,Champions
CUST104448,326,6,62018.614590684345,Loyal Customers
CUST102743,625,5,61893.41322381484,Loyal Customers
CUST105061,20,8,61781.816175491236,Champions
CUST101557,691,6,61572.77744642473,Loyal Customers
CUST104681,5,5,61563.22814868179,Champions
CUST104045,437,5,61449.052818395,Loyal Customers
CUST103545,677,5,61422.12364731922,Loyal Customers
CUST100683,516,5,61231.29049809773,Loyal Customers
CUST100687,618,8,61218.833876787576,Loyal Customers
CUST107407,141,6,61172.8825804215,Champions
CUST102210,59,5,61035.27285227878,Champions
CUST104102,657,6,60912.88175123067,Loyal Customers
CUST101251,184,5,60869.49769253162,Champions
CUST105001,14,5,60741.372457477555,Champions
CUST106515,537,4,60733.380150912555,Loyal Customers
CUST103013,170,6,60677.15080706752,Champions
CUST106659,19,5,60630.02232020906,Champions
CUST100131,400,5,60559.75930071273,Loyal Customers
CUST100356,565,6,60462.46988802415,Loyal Customers
CUST100171,90,6,60426.08854736728,Champions
CUST106473,388,8,60341.139055068146,Loyal Customers
CUST104822,643,5,60093.77762606798,Loyal Customers
CUST102369,606,6,59992.69371362474,Loyal Customers
CUST103662,54,5,59893.88488470991,Champions
CUST100287,242,5,59837.64726625934,Champions
CUST101843,708,6,59679.74494494402,Loyal Customers
CUST100588,706,5,59560.3894126643,Loyal Customers
CUST101448,266,5,59534.340958870525,Champions
CUST102886,432,5,59524.1026771767,Loyal Customers
CUST101562,61,5,59480.27458387425,Champions
CUST104463,22,5,59311.01873692427,Champions
CUST101204,19,5,59310.4324888104,Champions
CUST101883,30,5,59306.57638196886,Champions
CUST106141,541,6,59260.14136401206,Loyal Customers
CUST104207,15,5,59212.53283110901,Champions
CUST105271,14,6,59207.50464658516,Champions
CUST101417,258,6,59159.10693212352,Champions
CUST101345,271,5,59098.60673431162,Champions
CUST104727,562,6,59075.83986278495,Loyal Customers
CUST106312,41,6,58893.11786293865,Champions
CUST104282,13,8,58892.186495859336,Champions
CUST102565,557,8,58768.995518190684,Loyal Customers
CUST100749,22,5,58658.47193663295,Champions
CUST106687,269,6,58615.51832430656,Champions
CUST106621,325,6,58572.344922308344,Loyal Customers
CUST103987,483,6,58450.848594108684,Loyal Customers
CUST105803,271,4,58448.27174427446,Champions
CUST103202,66,5,58382.24044384421,Champions
CUST106845,10,5,58368.411115087976,Champions
CUST101031,807,6,58315.656337529435,Loyal Customers
CUST102796,395,6,58288.55810158066,Loyal Customers
CUST105650,12,5,58229.87306603436,Champions
CUST101998,89,5,58229.34600071263,Champions
CUST100702,660,5,58215.115297072305,Loyal Customers
CUST103209,574,6,58180.87332312846,Loyal Customers
CUST104679,304,8,58137.86515249733,Champions
CUST107513,460,6,58118.934505413126,Loyal Customers
CUST103673,375,5,57997.30215463323,Loyal Customers
CUST100612,545,6,57865.045169669975,Loyal Customers
CUST107943,236,6,57711.99791815018,Champions
CUST105448,667,6,57699.69446911826,Loyal Customers
CUST106415,48,5,57624.70144760948,Champions
CUST100774,780,5,57609.73518720234,Loyal Customers
CUST107693,140,5,57471.733685900144,Champions
CUST104523,648,5,57453.9589430348,Loyal Customers
CUST104884,629,6,57415.63894189366,Loyal Customers
CUST102431,317,5,57383.40182601288,Loyal Customers
CUST103887,364,5,57348.8084998365,Loyal Customers
CUST100759,779,6,57347.10977480938,Loyal Customers
CUST100281,420,6,57324.18653669408,Loyal Customers
CUST106511,708,5,57238.82582465156,Loyal Customers
CUST107903,6,6,57132.83777212988,Champions
CUST100006,579,5,57113.210346101114,Loyal Customers
CUST105705,189,4,57109.292127470384,Champions
CUST100787,640,5,56912.92890330787,Loyal Customers
CUST103708,168,8,56878.90304884577,Champions
CUST102374,249,6,56813.1323443575,Champions
CUST104396,287,6,56780.1467575061,Champions
CUST105888,743,10,56677.413245323805,Loyal Customers
CUST103664,735,5,56656.76941333092,Loyal Customers
CUST100161,229,5,56650.48278337117,Champions
CUST103702,732,5,56629.890890234776,Loyal Customers
CUST106574,158,4,56609.69584565162,Champions
CUST100496,625,6,56494.39716021166,Loyal Customers
CUST106492,136,5,56384.18426311891,Champions
CUST103340,626,5,56256.42761295148,Loyal Customers
CUST103482,599,5,56217.80349623479,Loyal Customers
CUST107450,460,5,56217.78152111865,Loyal Customers
CUST105901,51,5,56187.81428167001,Champions
CUST100406,157,5,56073.434143175895,Champions
CUST107268,9,5,55958.18530045716,Champions
CUST107939,5,6,55805.491793805726,Champions
CUST106103,190,6,55711.08041809575,Champions
CUST107040,28,6,55696.31345325574,Champions
CUST100277,404,6,55674.508248826714,Loyal Customers
CUST101195,886,5,55664.583626481675,Loyal Customers
CUST105349,518,4,55628.67007737105,Loyal Customers
CUST105989,71,5,55563.79921626159,Champions
CUST106334,23,6,55548.506481352524,Champions
CUST100144,69,5,55515.689601135935,Champions
CUST101621,345,5,55419.932692784736,Loyal Customers
CUST100536,8,6,55303.090699111315,Champions
CUST102781,463,6,55302.758439474426,Loyal Customers
CUST101831,21,5,55282.518295595895,Champions
CUST103347,266,6,55272.42805163088,Champions
CUST105264,583,4,55237.60201043799,Loyal Customers
CUST105932,734,5,55183.57905690442,Loyal Customers
CUST100566,2,5,55108.13583072892,Champions
CUST104044,39,6,55104.9165859464,Champions
CUST101538,668,6,54990.64773008188,Loyal Customers
CUST106889,106,5,54948.595331548335,Champions
CUST101279,228,8,54806.48474763776,Champions
CUST103853,153,5,54749.51410755504,Champions
CUST107910,207,5,54715.59980870046,Champions
CUST107244,208,5,54604.485615388665,Champions
CUST105843,148,5,54584.81290511386,Champions
CUST102136,73,5,54399.59479218894,Champions
CUST101033,18,5,54361.54497842192,Champions
CUST100162,527,5,54248.84468866732,Loyal Customers
CUST102190,124,6,54202.20018077799,Champions
CUST105649,567,5,53763.17614465808,Loyal Customers
CUST101925,12,5,53672.91202552675,Champions
CUST100155,46,5,53641.97889016586,Champions
CUST105258,47,4,53562.74481352452,Champions
CUST104634,419,5,53542.40958949904,Loyal Customers
CUST105218,846,4,53495.775140067795,Loyal Customers
CUST105833,6,5,53476.619223990885,Champions
CUST103325,83,5,53449.55942360886,Champions
CUST106465,402,6,53427.91687296817,Loyal Customers
CUST100211,319,5,53409.988638258415,Loyal Customers
CUST103873,73,6,53293.811362755856,Champions
CUST105774,26,5,53140.07121865941,Champions
CUST102158,278,5,53008.812772903024,Champions
CUST100765,806,5,52896.67233970213,Loyal Customers
CUST106259,142,6,52747.11376192083,Champions
CUST103326,87,8,52530.46507699707,Champions
CUST100392,430,5,52510.2472475547,Loyal Customers
CUST104147,4,5,52450.69803191374,Champions
CUST100314,7,5,52315.97630964686,Champions
CUST103194,742,6,52235.483114014845,Loyal Customers
CUST104622,112,5,52233.12992668471,Champions
CUST107519,132,5,52200.773982724546,Champions
CUST106125,364,6,52006.95600561931,Loyal Customers
CUST105504,67,5,51848.764261582786,Champions
CUST104426,42,8,51694.535379536646,Champions
CUST100288,6,6,51621.09850727103,Champions
CUST104214,402,6,51481.60794899723,Loyal Customers
CUST101770,24,5,51456.701162004276,Champions
CUST105150,213,15,51280.109108330544,Champions
CUST104107,261,5,51178.23204346208,Champions
CUST106655,717,4,51163.93659082627,Loyal Customers
CUST105720,353,4,51144.68211981084,Loyal Customers
CUST105457,18,5,51083.55357287154,Champions
CUST106701,597,4,51029.25347077631,Loyal Customers
CUST107126,638,5,51025.05477988721,Loyal Customers
CUST105695,3,4,50815.70734151505,Champions
CUST100758,104,8,50756.67272012063,Champions
CUST103789,391,6,50486.81422952091,Loyal Customers
CUST107212,3,4,50476.09633559942,Champions
CUST102750,21,6,50439.98013031916,Champions
CUST106751,11,5,50353.311083676825,Champions
CUST105563,213,5,50287.21296457243,Champions
CUST107580,126,6,50269.47019784493,Champions
CUST107591,322,5,50140.99296720209,Loyal Customers
CUST100713,240,6,49832.167968627364,Champions
CUST104058,574,5,49720.8881225074,Loyal Customers
CUST100156,662,6,49657.3880683857,Loyal Customers
CUST106869,587,5,49629.53147816908,Loyal Customers
CUST103950,320,5,49628.69429589574,Loyal Customers
CUST102672,771,5,49627.05475795943,Loyal Customers
CUST102018,621,5,49584.88469929967,Loyal Customers
CUST100035,49,5,49323.60984030305,Champions
CUST105954,581,5,49315.76465498179,Loyal Customers
CUST107239,818,4,49281.19837313606,Loyal Customers
CUST102448,355,5,49259.1313375851,Loyal Customers
CUST103737,320,6,49248.5007004034,Loyal Customers
CUST100633,211,6,49036.91955719286,Champions
CUST107501,54,5,48997.176614315424,Champions
CUST100595,11,5,48964.40202764326,Champions
CUST106545,689,4,48905.182223038035,Loyal Customers
CUST106393,714,6,48844.665987740824,Loyal Customers
CUST106953,77,6,48804.70943286653,Champions
CUST103054,394,6,48708.73747206671,Loyal Customers
CUST105698,42,4,48673.88983108906,Champions
CUST100962,282,6,48580.95425139347,Champions
CUST103990,596,8,48283.99783491652,Loyal Customers
CUST102708,620,5,48273.43247624618,Loyal Customers
CUST105890,214,6,48199.65255900408,Champions
CUST107157,669,4,48156.790474942325,Loyal Customers
CUST106596,1,4,48156.42285811127,Champions
CUST107704,358,4,47977.67688089287,Loyal Customers
CUST106480,17,4,47844.01805571666,Champions
CUST107588,148,5,47837.20755399548,Champions
CUST103120,459,6,47763.667884097464,Loyal Customers
CUST103883,293,6,47725.080043325885,Champions
CUST107201,199,5,47639.75169988079,Champions
CUST106360,284,6,47548.921446935026,Champions
CUST104164,605,5,47446.04858875439,Loyal Customers
CUST102626,240,5,47379.36920288437,Champions
CUST107176,288,5,47317.78835262727,Champions
CUST101189,475,5,47166.9625523507,Loyal Customers
CUST104030,243,5,47061.49368367036,Champions
CUST100611,206,5,47032.873689504864,Champions
CUST107863,244,4,46962.166831182556,Champions
CUST106119,38,4,46950.65013685615,Champions
CUST107670,357,4,46949.19141662257,Loyal Customers
CUST107024,766,4,46828.58238166699,Loyal Customers
CUST105360,88,4,46781.969605001315,Champions
CUST101939,305,5,46777.6446869505,Champions
CUST106067,568,8,46669.39516451585,Loyal Customers
CUST101155,206,5,46602.83365312258,Champions
CUST102856,265,15,46572.726415853744,Champions
CUST104406,60,5,46431.17201705171,Champions
CUST103678,360,5,46188.05393278507,Loyal Customers
CUST103613,113,5,46164.19533848604,Champions
CUST106966,417,5,46080.76807643729,Loyal Customers
CUST103045,98,5,46031.52930182348,Champions
CUST107491,6,4,45870.172593047224,Champions
CUST104420,134,15,45702.33945876117,Champions
CUST103813,48,5,45470.99450464059,Champions
CUST105435,21,4,45443.616157562945,Champions
CUST101886,25,6,45219.729835460894,Champions
CUST107545,17,4,45104.44359033746,Champions
CUST107660,43,15,45013.086061845715,Champions
CUST102238,659,15,44922.54904147535,Loyal Customers
CUST102020,144,5,44769.31193084502,Champions
CUST106828,61,4,44669.207518679825,Champions
CUST104112,2,15,44642.4246799687,Champions
CUST103239,541,15,44527.80476661375,Loyal Customers
CUST105282,325,5,44443.88711637008,Loyal Customers
CUST102916,423,5,44394.76093842982,Loyal Customers
CUST105269,226,5,44382.211052728315,Champions
CUST104366,53,6,44347.42563903926,Champions
CUST105780,240,5,44346.84529327018,Champions
CUST107386,245,5,44264.75951208235,Champions
CUST101353,594,5,44184.330649265095,Loyal Customers
CUST104167,661,5,44097.064145857286,Loyal Customers
CUST106604,476,5,44014.03884818917,Loyal Customers
CUST105607,8,4,43974.01313534446,Champions
CUST101956,371,5,43941.24598128159,Loyal Customers
CUST101766,257,5,43902.43870410477,Champions
CUST107719,774,4,43850.35351466849,Loyal Customers
CUST105912,214,5,43720.472586367934,Champions
CUST102322,14,5,43643.841270813886,Champions
CUST107090,32,5,43616.314180117086,Champions
CUST104786,843,5,43569.331259016304,Loyal Customers
CUST103084,30,5,43548.29778382091,Champions
CUST107056,546,4,43269.17933946606,Loyal Customers
CUST106913,153,4,43207.51995276316,Champions
CUST106831,104,5,43131.887185303545,Champions
CUST103549,762,5,43115.75174473783,Loyal Customers
CUST107685,676,5,43025.12648431467,Loyal Customers
CUST100324,257,15,42953.013954821574,Champions
CUST107216,15,5,42928.231610617404,Champions
CUST105400,42,5,42890.215159460364,Champions
CUST102479,630,5,42795.37854578073,Loyal Customers
CUST101028,9,5,42705.70745011097,Champions
CUST106214,342,4,42443.977946031635,Loyal Customers
CUST101264,520,5,42398.52856944521,Loyal Customers
CUST107609,28,5,42214.942589035,Champions
CUST107574,203,4,42113.733935345386,Champions
CUST102984,74,5,41982.354671008514,Champions
CUST106077,116,5,41972.79342764201,Champions
CUST103768,20,5,41972.28273811254,Champions
CUST106874,52,5,41957.04862484044,Champions
CUST107558,273,5,41929.97238753545,Champions
CUST101991,790,5,41927.88557798256,Loyal Customers
CUST107931,283,4,41864.43838229598,Champions
CUST100724,666,5,41820.92797402348,Loyal Customers
CUST105516,93,5,41801.33616786713,Champions
CUST107326,90,4,41765.8095804697,Champions
CUST102064,98,5,41677.382260454084,Champions
CUST105559,451,5,41637.587666201565,Loyal Customers
CUST106553,135,4,41577.22071382212,Champions
CUST100521,492,5,41513.53685706093,Loyal Customers
CUST105500,23,4,41419.09275505351,Champions
CUST104543,279,6,41331.19930933227,Champions
CUST104744,369,15,41294.926330463444,Loyal Customers
CUST101583,6,15,40967.77677843539,Champions
CUST107715,15,4,40941.84481937603,Champions
CUST103449,316,15,40780.57128075534,Champions
CUST107327,410,4,40630.33629432795,Loyal Customers
CUST103085,568,15,40627.427556736984,Loyal Customers
CUST105304,802,4,40296.64580638222,Loyal Customers
CUST102513,41,15,40166.050404765294,Champions
CUST101489,706,15,40148.22714392746,Loyal Customers
CUST105645,668,5,40097.49581594495,Loyal Customers
CUST105465,691,5,40020.98058378782,Loyal Customers
CUST101450,260,5,39984.5685177438,Champions
CUST106236,265,5,39818.11133024831,Champions
CUST107469,304,4,39771.954032361755,Champions
CUST105132,570,5,39766.982115975916,Loyal Customers
CUST104563,663,5,39735.51136081557,Loyal Customers
CUST104608,104,5,39526.790403632134,Champions
CUST102217,432,6,39514.97618095493,Loyal Customers
CUST102566,8,15,39430.14924846281,Champions
CUST102855,29,15,39397.91681845183,Champions
CUST106333,71,15,39359.407204463445,Champions
CUST107341,10,4,39207.05394683334,Champions
CUST100319,492,6,38883.42359452204,Loyal Customers
CUST105826,661,5,38766.24004877962,Loyal Customers
CUST103430,164,8,38716.70885755206,Champions
CUST102166,1,5,38685.12750183857,Champions
CUST100103,470,8,38654.87667025915,Loyal Customers
CUST100879,622,6,38617.87816578809,Loyal Customers
CUST107767,8,4,38491.394354055934,Champions
CUST100899,505,5,38479.703390665934,Loyal Customers
CUST107484,654,4,38337.59364732667,Loyal Customers
CUST106757,149,15,38018.74406331192,Champions
CUST103681,63,5,37905.03705699453,Champions
CUST107640,281,4,37383.18000258005,Champions
CUST106074,341,5,37360.93055020404,Loyal Customers
CUST106450,534,5,37247.553766700345,Loyal Customers
CUST104534,236,15,37110.971463739355,Champions
CUST102780,264,5,37083.11277873282,Champions
CUST107096,5,5,36899.230037750036,Champions
CUST101887,594,5,36894.73953233364,Loyal Customers
CUST106487,492,5,36807.815579120994,Loyal Customers
CUST102204,647,5,36698.46896894396,Loyal Customers
CUST105330,10,6,36697.462985967824,Champions
CUST106452,829,5,36696.290961923725,Loyal Customers
CUST106843,504,4,36647.12171023942,Loyal Customers
CUST107615,243,5,36425.46191762477,Champions
CUST104886,604,15,36277.52231858336,Loyal Customers
CUST100652,494,5,36241.37876986888,Loyal Customers
CUST104109,562,15,36151.65249656488,Loyal Customers
CUST106871,496,6,36006.15511448828,Loyal Customers
CUST106603,501,5,35870.01898316273,Loyal Customers
CUST102638,42,15,35630.87842191703,Champions
CUST105639,18,4,35416.086492680355,Champions
CUST107170,30,4,35406.38732019648,Champions
CUST106971,258,5,35197.69776218149,Champions
CUST106181,6,15,35121.76077275761,Champions
CUST107084,61,10,35114.046532494256,Champions
CUST106433,669,4,35088.74517396961,Loyal Customers
CUST100199,5,10,34942.816169230646,Champions
CUST100567,436,15,34929.417301920366,Loyal Customers
CUST103516,14,15,34925.29452884461,Champions
CUST105766,733,5,34816.28077524937,Loyal Customers
CUST107249,380,4,34518.44817937031,Loyal Customers
CUST107087,54,10,34507.85920101202,Champions
CUST100422,707,5,34451.86870655445,Loyal Customers
CUST101295,697,6,34205.49268675647,Loyal Customers
CUST102486,592,10,34052.53783522049,Loyal Customers
CUST101667,335,5,33967.18429047965,Loyal Customers
CUST107007,179,4,33923.615517692924,Champions
CUST101690,45,15,33831.87571452534,Champions
CUST100009,23,15,33802.777786899045,Champions
CUST100404,10,15,33734.156845517326,Champions
CUST100578,687,5,33436.32342198718,Loyal Customers
CUST107008,4,15,33354.808048467894,Champions
CUST104857,222,5,33329.157494595805,Champions
CUST106573,29,4,33328.75404032434,Champions
CUST105566,7,5,33304.86469694927,Champions
CUST100695,158,15,33251.13466681408,Champions
CUST101240,504,5,33213.92088083004,Loyal Customers
CUST101418,14,15,33194.58961544775,Champions
CUST105985,146,5,33186.48498590599,Champions
CUST106991,66,4,33125.41111817506,Champions
CUST103570,509,15,33091.851583520336,Loyal Customers
CUST107401,269,5,32998.326792189604,Champions
CUST107460,387,4,32985.14314109896,Loyal Customers
CUST103330,137,10,32964.62842653397,Champions
CUST102016,16,15,32889.17264161334,Champions
CUST106969,98,4,32822.69043445434,Champions
CUST107753,665,10,32758.10871649161,Loyal Customers
CUST107318,97,10,32612.235898491734,Champions
CUST100754,92,15,32572.608113757953,Champions
CUST106800,297,15,32547.353375256505,Champions
CUST100506,381,15,32473.50140243155,Loyal Customers
CUST105817,300,4,32371.187848767135,Champions
CUST107642,24,15,31850.510548077797,Champions
CUST105023,429,10,31476.587014094566,Loyal Customers
CUST104989,361,10,31447.858791981576,Loyal Customers
CUST104665,1,5,31222.981918981386,Champions
CUST102250,20,6,31121.85807677304,Champions
CUST103930,495,10,31015.080884170387,Loyal Customers
CUST107875,2,8,30966.584446285335,Champions
CUST104346,107,10,30867.570189477945,Champions
CUST100953,217,6,30789.905370204924,Champions
CUST100198,207,15,30770.93627294782,Champions
CUST104992,643,10,30692.397503599994,Loyal Customers
CUST100477,652,10,30682.62190416263,Loyal Customers
CUST103189,5,5,30679.75271364513,Champions
CUST107505,279,4,30659.269888697258,Champions
CUST100729,677,5,30626.607037702648,Loyal Customers
CUST106898,504,4,30596.739419323516,Loyal Customers
CUST107599,435,10,30585.527200904515,Loyal Customers
CUST100296,677,6,30522.516759391376,Loyal Customers
CUST101060,662,5,30464.635534812274,Loyal Customers
CUST105338,29,10,30304.343681594393,Champions
CUST105793,221,4,30185.711832105502,Champions
CUST102077,411,15,30152.71686169915,Loyal Customers
CUST106372,428,5,30078.34693625103,Loyal Customers
CUST100877,33,8,29962.641061671122,Champions
CUST107269,347,15,29919.009137746507,Loyal Customers
